time,cablecal,temp,pressure,humid,cablecal_baseline,cablecal_clean,cablecal_baseline_ml_pred
2020-05-12 11:50:02,4.785224464,14.234,810.8,0.332792863,4.785224464,4.785224464,
2020-05-12 11:52:05,4.750748331,14.275,810.8,0.32592814,4.750748331,4.750748331,
2020-05-12 11:54:49,4.769335463,14.27043189,810.8,0.319563714,4.769335463,4.769335463,
2020-05-12 11:57:43,4.746251444,14.21262458,810.8,0.315304393,4.746251444,4.746251444,
2020-05-12 12:01:42,4.841585446,14.26677741,810.8,0.30842275,4.841585446,4.841585446,
2020-05-12 12:06:24,4.856575069,14.48139535,810.7395349,0.293989656,4.856575069,4.856575069,
2020-05-12 12:11:10,4.926426711,14.54433333,810.7,0.282782624,4.926426711,4.926426711,
2020-05-12 12:13:29,4.935420485,14.50199336,810.7,0.27975382,4.935420485,4.935420485,
2020-05-12 12:16:14,4.931223391,14.55681063,810.7,0.277627452,4.931223391,4.931223391,
2020-05-12 12:20:47,4.84698171,14.6,810.7475083,0.274970799,4.84698171,4.84698171,
2020-05-12 12:24:42,4.844883163,14.6,810.7744186,0.272322267,4.844883163,4.844883163,
2020-05-12 12:27:28,4.843983785,14.6,810.7192691,0.268949962,4.843983785,4.843983785,
2020-05-12 12:30:04,4.834990012,14.698,810.7326667,0.263545494,4.834990012,4.834990012,
2020-05-12 12:32:41,4.831992087,14.855,810.785,0.25677496,4.831992087,4.831992087,
2020-05-12 12:36:33,4.868266974,14.96212625,810.8,0.25263386,4.868266974,4.868266974,
2020-05-12 12:39:02,4.873963031,15.0,810.8232558,0.250204995,4.873963031,4.873963031,
2020-05-12 12:42:08,4.870065729,15.0,810.9468439,0.244426326,4.870065729,4.870065729,
2020-05-12 12:45:26,4.89944539,15.03920266,811.0,0.23850635,4.89944539,4.89944539,
2020-05-12 12:49:15,4.868266974,15.05415282,810.9847176,0.236445307,4.868266974,4.868266974,
2020-05-12 12:52:36,4.876061578,14.8538206,810.9179402,0.250713618,4.876061578,4.876061578,
2020-05-12 12:56:36,4.880558465,14.862,810.9,0.25353435,4.880558465,4.880558465,
2020-05-12 13:00:31,4.872464069,14.94019934,810.9401993,0.251499984,4.872464069,4.872464069,
2020-05-12 13:04:05,4.818501426,14.97740864,810.9887043,0.250416743,4.818501426,4.818501426,
2020-05-12 13:06:23,4.835289804,14.88571429,810.9428571,0.254556311,4.835289804,4.835289804,
2020-05-12 13:11:01,4.812205785,14.84950166,810.9495017,0.258568713,4.812205785,4.812205785,
2020-05-12 13:15:04,4.863470295,14.9,811.0303333,0.262341105,4.863470295,4.863470295,
2020-05-12 13:18:52,4.871264899,14.91262458,811.1,0.271493124,4.871264899,4.871264899,
2020-05-12 13:22:59,4.879359295,15.07674419,811.1,0.282186192,4.879359295,4.879359295,
2020-05-12 13:25:53,4.904242069,15.1923588,811.1,0.28594077,4.904242069,4.904242069,
2020-05-12 13:30:39,4.915034598,15.34119601,811.1,0.289558659,4.915034598,4.915034598,
2020-05-12 13:33:43,4.726764934,15.4,811.1023256,0.291047857,4.726764934,4.726764934,
2020-05-12 13:36:26,4.871264899,15.4,811.1564784,0.292221158,4.871264899,4.871264899,
2020-05-12 13:37:37,4.873663239,15.4,811.1800664,0.292732228,4.873663239,4.873663239,
2020-05-12 13:40:01,4.916233768,15.456,811.228,0.292119542,4.916233768,4.916233768,
2020-05-12 13:42:19,4.924927749,15.548,811.274,0.290403453,4.924927749,4.924927749,
2020-05-12 13:44:27,4.939917372,15.63322259,811.3166113,0.289888986,4.939917372,4.939917372,
2020-05-12 13:47:30,4.95430741,15.75481728,811.3774086,0.291556105,4.95430741,4.95430741,
2020-05-12 13:51:16,4.989982712,15.85249169,811.3475083,0.292330098,4.989982712,4.989982712,
2020-05-12 13:54:25,4.907839579,15.9,811.3,0.292469946,4.907839579,4.907839579,
2020-05-12 13:56:49,4.948011768,15.9,811.3,0.292469946,4.948011768,4.948011768,
2020-05-12 14:00:47,4.89944539,16.027,811.3423333,0.289229571,4.89944539,4.89944539,
2020-05-12 14:03:32,4.967498278,16.192,811.3973333,0.285019636,4.967498278,4.967498278,
2020-05-12 14:06:37,4.997177731,16.25880399,811.458804,0.284987626,4.997177731,4.997177731,
2020-05-12 14:10:47,5.005272128,16.3,811.4581395,0.285993033,5.005272128,5.005272128,
2020-05-12 14:13:53,4.942915297,16.30365449,811.4036545,0.287078658,4.942915297,4.942915297,
2020-05-12 14:16:46,5.04454494,16.36112957,811.4611296,0.284824763,5.04454494,5.04454494,
2020-05-12 14:21:24,5.090113393,16.4,811.5,0.281075479,5.090113393,5.090113393,
2020-05-12 14:25:36,5.092211941,16.43733333,811.5,0.277716457,5.092211941,5.092211941,
2020-05-12 14:29:17,5.093710903,16.5,811.5,0.27532573,5.093710903,5.093710903,
2020-05-12 14:31:02,5.091612356,16.5,811.5,0.27532573,5.091612356,5.091612356,
2020-05-12 14:33:37,5.095509658,16.5,811.5,0.27532573,5.095509658,5.095509658,
2020-05-12 14:36:16,5.092211941,16.55016611,811.5501661,0.278572275,5.092211941,5.092211941,
2020-05-12 14:39:53,5.167160055,16.62225914,811.6,0.281862247,5.167160055,5.167160055,
2020-05-12 14:42:57,5.205833282,16.6833887,811.6,0.282040555,5.205833282,5.205833282,
2020-05-12 14:48:17,5.302966039,16.79,811.78,0.280484306,5.302966039,5.302966039,
2020-05-12 14:54:58,5.302966039,16.9,811.7232558,0.287850417,5.302966039,5.302966039,
2020-05-12 14:57:48,5.287077038,16.9,811.7797342,0.290248328,5.287077038,5.287077038,
2020-05-12 15:02:49,4.917432938,16.74053156,811.8,0.290641407,4.917432938,4.917432938,
2020-05-12 15:04:38,4.985485826,16.74784053,811.8,0.291004707,4.985485826,4.985485826,
2020-05-12 15:07:55,5.001974411,16.94418605,811.8,0.292983263,5.001974411,5.001974411,
2020-05-12 15:11:47,5.144975413,16.94133333,811.8586667,0.292116023,5.144975413,5.144975413,
2020-05-12 15:13:05,5.155767942,16.91533333,811.8846667,0.291482419,5.155767942,5.155767942,
2020-05-12 15:15:20,5.165960885,16.95913621,811.8704319,0.293196461,5.165960885,5.165960885,
2020-05-12 15:17:55,5.167459848,17.06212625,811.8189369,0.296832354,5.167459848,5.167459848,
2020-05-12 15:21:35,5.096708827,17.15415282,811.8541528,0.293667839,5.096708827,5.096708827,
2020-05-12 15:23:31,5.116794922,17.19269103,811.892691,0.290464257,5.116794922,5.116794922,
2020-05-12 15:26:02,5.154268979,17.41428571,811.9,0.293242598,5.154268979,5.154268979,
2020-05-12 15:28:36,5.131784545,17.67009967,811.9,0.2972847,5.131784545,5.131784545,
2020-05-12 15:31:26,5.174055282,17.7,811.9,0.293421255,5.174055282,5.174055282,
2020-05-12 15:34:28,5.1176943,17.71129568,811.9,0.287828246,5.1176943,5.1176943,
2020-05-12 15:36:52,5.135981639,17.75913621,811.9,0.282020749,5.135981639,5.135981639,
2020-05-12 15:40:47,5.181849886,17.98604651,811.9,0.278357745,5.181849886,5.181849886,
2020-05-12 15:43:59,5.208231622,18.30099668,811.9009967,0.280570746,5.208231622,5.208231622,
2020-05-12 15:46:23,5.230116471,18.34883721,811.9488372,0.281691945,5.230116471,5.230116471,
2020-05-12 15:49:04,5.25559883,18.39534884,812.0,0.282829765,5.25559883,5.25559883,
2020-05-12 15:52:10,5.214227471,18.2717608,812.0,0.281202568,5.214227471,5.214227471,
2020-05-12 15:53:48,5.243607132,18.20664452,812.0,0.280345227,5.243607132,5.243607132,
2020-05-12 15:57:21,5.156667319,18.13233333,812.0676667,0.282848941,5.156667319,5.156667319,
2020-05-12 16:01:15,5.227118547,18.32757475,812.1,0.284747849,5.227118547,5.227118547,
2020-05-12 16:03:17,5.26039551,18.53023256,812.1,0.285336253,5.26039551,5.26039551,
2020-05-12 16:07:44,5.303565623,18.89900332,812.0252492,0.292693931,5.303565623,5.303565623,
2020-05-12 16:11:10,5.325450473,19.04318937,812.0431894,0.296159524,5.325450473,5.325450473,
2020-05-12 16:12:33,5.327848813,19.07076412,812.0707641,0.296829114,5.327848813,5.327848813,
2020-05-12 16:15:20,5.361125775,18.96564626,812.1268707,0.293758794,5.361125775,5.361125775,
2020-05-12 16:18:23,5.380312493,18.65442177,812.1891156,0.285002019,5.380312493,5.380312493,
2020-05-12 16:21:07,5.364723285,18.51229236,812.2,0.287808338,5.364723285,5.364723285,
2020-05-12 16:23:24,5.393503361,18.42126246,812.2,0.292310199,5.393503361,5.393503361,
2020-05-12 16:25:18,5.409991946,18.48227425,812.2,0.293019656,5.409991946,5.409991946,
2020-05-12 16:28:13,5.411191116,18.65785953,812.2,0.292289624,5.411191116,5.411191116,
2020-05-12 16:32:04,5.50562574,18.5744186,812.2,0.291748668,5.50562574,5.50562574,
2020-05-12 16:34:18,5.534705609,18.522,812.2,0.291287674,5.534705609,5.534705609,
2020-05-12 16:38:48,5.526011627,18.792,812.2,0.288290001,5.526011627,5.526011627,
2020-05-12 16:41:32,5.54579793,18.8,812.3036545,0.286049909,5.54579793,5.54579793,
2020-05-12 16:46:14,5.398599833,18.57242525,812.4,0.286231239,5.398599833,5.398599833,
2020-05-12 16:48:18,5.363224323,18.36644518,812.4,0.288205201,5.363224323,5.363224323,
2020-05-12 16:52:26,5.283779321,18.43820598,812.4,0.289244182,5.283779321,5.283779321,
2020-05-12 16:57:31,5.429178663,18.5,812.3295681,0.280713838,5.429178663,5.429178663,
2020-05-12 16:59:11,5.456159985,18.511,812.3,0.277163363,5.456159985,5.456159985,
2020-05-12 17:02:40,5.499929683,18.72,812.3,0.279180365,5.499929683,5.499929683,
2020-05-12 17:05:14,5.512820759,18.84916944,812.3,0.279595393,5.512820759,5.512820759,
2020-05-12 17:07:47,5.516118476,18.95083056,812.3,0.278857209,5.516118476,5.516118476,
2020-05-12 17:10:36,5.509523042,18.87375415,812.3,0.280068973,5.509523042,5.509523042,
2020-05-12 17:12:42,5.507424495,18.70631229,812.3,0.282149689,5.507424495,5.507424495,
2020-05-12 17:14:55,5.516418269,18.72325581,812.282392,0.283105552,5.516418269,5.516418269,
2020-05-12 17:18:54,5.509523042,19.27906977,812.20299,0.28145858,5.509523042,5.509523042,
2020-05-12 17:22:47,5.503826985,19.076,812.2746667,0.279233928,5.503826985,5.503826985,
2020-05-12 17:25:26,5.539202495,19.0,812.3275748,0.278500178,5.539202495,5.539202495,
2020-05-12 17:27:55,5.550294816,19.0,812.3770764,0.278500178,5.550294816,5.550294816,
2020-05-12 17:31:19,5.56168693,19.089701,812.3551495,0.278758888,5.56168693,5.56168693,
2020-05-12 17:35:12,5.551793779,19.28903654,812.3,0.278884154,5.551793779,5.551793779,
2020-05-12 17:37:25,5.590467006,19.46578073,812.3,0.278501329,5.590467006,5.590467006,
2020-05-12 17:39:37,5.598861195,19.68239203,812.310299,0.277025999,5.598861195,5.598861195,
2020-05-12 17:42:05,5.639632969,20.07574751,812.3594684,0.27137043,5.639632969,5.639632969,
2020-05-12 17:45:40,5.692696234,20.307,812.369,0.26764608,5.692696234,5.692696234,
2020-05-12 17:47:51,5.700191045,20.176,812.3253333,0.268966889,5.700191045,5.700191045,
2020-05-12 17:51:49,5.741862197,19.88471761,812.3538206,0.27017122,5.741862197,5.741862197,
2020-05-12 17:54:53,5.771841443,19.70747508,812.3925249,0.270568469,5.771841443,5.771841443,
2020-05-12 18:00:04,5.638134007,19.75913621,812.3408638,0.270716249,5.638134007,5.638134007,
2020-05-12 18:01:42,5.63003961,19.77541528,812.3245847,0.270762817,5.63003961,5.63003961,
2020-05-12 18:03:53,5.64952612,19.79717608,812.3028239,0.270825065,5.64952612,5.64952612,
2020-05-12 18:06:52,5.656121554,19.638,812.354,0.269313788,5.656121554,5.656121554,
2020-05-12 18:09:46,5.675608064,19.5717608,812.3880399,0.267991803,5.675608064,5.675608064,
2020-05-12 18:13:40,5.711283366,20.03820598,812.310299,0.267811629,5.711283366,5.711283366,
2020-05-12 18:15:21,5.729870499,20.07674419,812.3,0.26682548,5.729870499,5.729870499,
2020-05-12 18:18:02,5.738264688,20.02325581,812.3,0.264612235,5.738264688,5.738264688,
2020-05-12 18:20:55,5.761348707,20.0,812.3,0.262997083,5.761348707,5.761348707,
2020-05-12 18:26:43,5.754753273,20.09966777,812.3,0.26980782,5.754753273,5.754753273,
2020-05-12 18:32:05,5.689098724,20.314,812.3,0.273744718,5.689098724,5.689098724,
2020-05-12 18:35:12,5.676207649,20.4,812.3,0.269471211,5.676207649,5.676207649,
2020-05-12 18:39:52,5.66901263,20.36312292,812.3122924,0.264681663,5.66901263,5.66901263,
2020-05-12 18:43:20,5.594963893,20.15581395,812.3813953,0.264092699,5.594963893,5.594963893,
2020-05-12 18:45:59,5.511921382,20.06578073,812.3315615,0.261250395,5.511921382,5.511921382,
2020-05-12 18:49:56,5.555091496,20.065,812.213,0.255553333,5.555091496,5.555091496,
2020-05-12 18:52:48,5.589267836,20.35166667,812.2703333,0.253180471,5.589267836,5.589267836,
2020-05-12 18:55:48,5.672010554,20.56046512,812.2697674,0.253801119,5.672010554,5.672010554,
2020-05-12 18:57:38,5.704687932,20.63355482,812.2332226,0.256035529,5.704687932,5.704687932,
2020-05-12 19:01:29,5.715480461,20.62202381,812.2,0.25497097,5.715480461,5.715480461,
2020-05-12 19:05:03,5.722975272,20.50598007,812.2,0.249928016,5.722975272,5.722975272,
2020-05-12 19:08:50,5.716379838,20.65681063,812.2,0.244926039,5.716379838,5.716379838,
2020-05-12 19:12:01,5.703788555,20.65813953,812.1581395,0.240443937,5.703788555,5.703788555,
2020-05-12 19:14:14,5.729270914,20.61395349,812.1139535,0.237224686,5.729270914,5.729270914,
2020-05-12 19:18:11,5.73736531,20.795,812.035,0.250782931,5.73736531,5.73736531,
2020-05-12 19:21:18,5.707086272,20.76378738,812.0,0.259270648,5.707086272,5.707086272,
2020-05-12 19:22:44,5.716979423,20.62093023,812.0,0.259941574,5.716979423,5.716979423,
2020-05-12 19:24:59,5.722075895,20.4027972,812.0,0.260960777,5.722075895,5.722075895,
2020-05-12 19:27:04,5.712482536,20.57762238,812.0,0.259811177,5.712482536,5.712482536,
2020-05-12 19:29:13,5.738264688,20.75804196,812.0,0.25862479,5.738264688,5.738264688,
2020-05-12 19:31:46,5.755952443,20.92259136,811.9591362,0.252009037,5.755952443,5.755952443,
2020-05-12 19:34:19,5.766445179,21.07508306,811.9083056,0.244122885,5.766445179,5.766445179,
2020-05-12 19:37:06,5.769143311,21.19466667,811.9,0.240611899,5.769143311,5.769143311,
2020-05-12 19:40:01,5.744260537,21.27740864,811.8943522,0.23731457,5.744260537,5.744260537,
2020-05-12 19:43:03,5.749357009,21.03554817,811.833887,0.22848737,5.749357009,5.749357009,
2020-05-12 19:47:02,5.773340405,21.03387622,811.8446254,0.21078308,5.773340405,5.773340405,
2020-05-12 19:51:09,5.684302045,21.14883721,811.8744186,0.192636264,5.684302045,5.684302045,
2020-05-12 19:54:42,5.671410969,21.00730897,811.8036545,0.186227614,5.671410969,5.671410969,
2020-05-12 19:58:33,5.752055141,21.43853821,811.8730897,0.197585354,5.752055141,5.752055141,
2020-05-12 20:00:14,5.786231481,21.60664452,811.9,0.202827188,5.786231481,5.786231481,
2020-05-12 20:02:24,-11.30613572,21.64983389,811.9,0.20892592,,5.7862314810000015,5.842454699593875
2020-05-12 20:04:55,-11.28035357,21.7,811.9,0.21600983,,5.812013631000001,5.868707357189352
2020-05-12 20:08:04,5.763447254,21.7,811.837,0.209174775,,5.820607681000001,5.855607633363098
2020-05-12 20:09:54,-3.877878195,21.7,811.8003333,0.2051967,,5.829201731000002,5.847983455604606
2020-05-12 20:12:48,-11.25457142,21.81495017,811.8,0.20287427,,5.837795781000002,5.863821268868328
2020-05-12 20:16:44,-11.20000919,21.9,811.8,0.20500331,,5.8923580110000024,5.884719758267293
2020-05-12 20:18:02,-11.19851023,21.9,811.8,0.207762641,,5.893856971000002,5.891312965576669
2020-05-12 20:20:31,-11.22848947,21.9,811.8,0.210796582,,5.863877731000002,5.898562332172202
2020-05-12 20:24:15,-11.2155984,21.9,811.8,0.203982342,,5.8767688010000025,5.882280234455094
2020-05-12 20:28:24,-11.23658387,22.312,811.8,0.198684732,,5.855783331000001,5.946215471380608
2020-05-12 20:31:06,-11.22639093,22.45481728,811.8,0.199095195,,5.865976271000001,5.973746897006766
2020-05-12 20:33:56,-11.20240753,22.34186047,811.8,0.204672503,,5.8899596710000015,5.966074040073263
2020-05-12 20:39:07,-11.19311396,22.13521595,811.8,0.20882251,,5.899253241000002,5.937573606864152
2020-05-12 20:42:09,-11.16103617,22.05714286,811.7571429,0.210480081,,5.931331031000003,5.929218663609963
2020-05-12 20:46:31,-11.17782455,21.88039867,811.6700997,0.215594896,,5.914542651000001,5.913047834917069
2020-05-12 20:48:53,-11.16163575,21.69169435,811.6229236,0.221114433,,5.9307314510000015,5.893575277567261
2020-05-12 20:52:15,-11.12865858,21.733,811.5556667,0.225618932,,5.963708621000002,5.915467918764769
2020-05-12 20:57:28,-11.12326232,21.9,811.5,0.231998981,,5.969104881000002,5.964614818003387
2020-05-12 21:02:07,-11.07499573,21.94119601,811.417608,0.235751813,,6.017371471000002,5.985467507458752
2020-05-12 21:07:12,-11.03422396,22.21262458,811.3425249,0.234048439,,6.058143241000002,6.035709767279949
2020-05-12 21:10:36,-11.09538162,22.48966667,811.3793333,0.231172445,,5.996985581000002,6.078453325859491
2020-05-12 21:12:06,-11.08698743,22.45966667,811.3193333,0.226195979,,6.005379771000001,6.064063452192425
2020-05-12 21:14:40,-11.06870009,22.40833333,811.2166667,0.217680693,,6.023667111000002,6.039440775450808
2020-05-12 21:17:31,-11.05820736,22.49700997,811.248505,0.218880029,,6.034159841000001,6.057158645946869
2020-05-12 21:20:53,-11.06420321,22.55315615,811.3,0.224091162,,6.028163991000001,6.077406316996557
2020-05-12 21:23:54,-11.03422396,22.37275748,811.3,0.233604446,,6.058143241000002,6.06660029128733
2020-05-12 21:27:54,-10.98176028,22.35548173,811.3,0.233831254,,6.110606921000002,6.063930557733881
2020-05-12 21:30:09,-10.9610746,22.40033223,811.3,0.230929935,,6.131292601000002,6.065336079173193
2020-05-12 21:31:57,-10.93679141,22.43621262,811.3,0.23042883,,6.155575791000002,6.070809124246251
2020-05-12 21:35:19,-10.90681217,22.50333333,811.2933333,0.229715058,,6.185555031000002,6.081923819487622
2020-05-12 21:38:38,-10.84655388,22.56966667,811.1606667,0.233238988,,6.245813321000002,6.1094820119561515
2020-05-12 21:42:05,-10.84865243,22.6,811.1,0.235506283,,6.243714771000002,6.123651103337212
2020-05-12 21:45:10,-10.91940345,22.6,811.1,0.236552248,,6.172963751000001,6.126150355541226
2020-05-12 21:47:19,-10.905613,22.6,811.0571429,0.2343781,,6.186754201000001,6.123154109497333
2020-05-12 21:50:53,-10.84415554,22.6,811.0,0.232187099,,6.248211661000003,6.1208505036131085
2020-05-12 21:54:50,-10.85464828,22.6,811.0,0.236181463,,6.237718921000003,6.130394726441435
2020-05-12 21:58:10,-10.80158501,22.71866667,811.0593333,0.236877365,,6.290782191000002,6.151074435994103
2020-05-12 22:00:01,-10.77370431,22.79266667,811.0963333,0.237080106,,6.3186628910000024,6.163417725368589
2020-05-12 22:02:12,-10.77790141,22.56079734,811.0202658,0.239898454,,6.314465791000002,6.130948456938591
2020-05-12 22:04:42,-10.76381116,22.26179402,810.920598,0.243396274,,6.328556041000002,6.088832865095489
2020-05-12 22:08:09,-10.74072714,22.43388704,810.9,0.239694652,,6.351640061000001,6.113038078096971
2020-05-12 22:10:10,-10.71884229,22.59468439,810.9,0.236652805,,6.373524911000002,6.135663088179817
2020-05-12 22:14:04,-10.68016907,22.37076412,810.9,0.233334163,,6.412198131000002,6.086105224058228
2020-05-12 22:16:57,-10.66517944,22.36777409,810.8322259,0.22916469,,6.4271877610000026,6.07906376288534
2020-05-12 22:18:57,-10.64269501,22.44750831,810.7524917,0.225428143,,6.449672191000001,6.08904931090029
2020-05-12 22:23:07,-10.5755415,22.443,810.757,0.219166402,,6.516825701000002,6.073017951883915
2020-05-12 22:28:07,-10.51228529,22.51362126,810.8,0.215706551,,6.580081911000002,6.075673812285746
2020-05-12 22:31:47,-10.54466288,22.510299,810.8,0.215017701,,6.547704321000001,6.073410229039866
2020-05-12 22:35:35,-10.49309857,22.31694352,810.7943522,0.214152347,,6.599268631000001,6.035686249331324
2020-05-12 22:39:13,-10.54915976,22.53421927,810.7219269,0.210239304,,6.543207441000002,6.07044496303756
2020-05-12 22:41:40,-10.51708197,22.6,810.673,0.209469206,,6.575285231000002,6.0833440496615285
2020-05-12 22:46:18,-10.49549691,22.54119601,810.6,0.211656672,,6.596870291000002,6.081383930831688
2020-05-12 22:51:44,-10.44123448,22.43953488,810.572093,0.217292608,,6.6511327210000015,6.077382822929284
2020-05-12 22:55:44,-10.38397412,22.81528239,810.5,0.220714807,,6.708393081000002,6.159112405335643
2020-05-12 22:58:50,-10.37378118,22.93887043,810.5,0.22204049,,6.718586021000002,6.185255838037042
2020-05-12 23:02:00,-10.38427391,22.83666667,810.5326667,0.222257107,,6.708093291000003,6.165097177027424
2020-05-12 23:06:18,-10.37797827,22.51860465,810.5813953,0.221402044,,6.714388931000002,6.101424344107021
2020-05-12 23:09:34,-10.36718574,22.58372093,810.5162791,0.221577098,,6.725181461000002,6.117288837523311
2020-05-12 23:13:36,-10.39356748,22.21528239,810.5,0.226894249,,6.698799721000002,6.062333821504796
2020-05-12 23:17:09,-10.49100003,21.75581395,810.4651163,0.238340092,,6.6013671710000015,6.0060542701463016
2020-05-12 23:19:22,-10.50059338,21.44651163,810.4209302,0.24910034,,6.591773821000002,5.976530639850453
2020-05-12 23:22:48,-10.48110688,21.3,810.4,0.256839452,,6.611260321000001,5.968858976678755
2020-05-12 23:26:16,-10.48080708,21.41666667,810.4,0.257650112,,6.611560121000002,5.992485074433208
2020-05-12 23:29:22,-10.43853635,21.85066667,810.4,0.249805969,,6.653830851000002,6.054425510660702
2020-05-12 23:33:12,-10.52877388,22.0,810.3448505,0.248092771,,6.563593321000003,6.080923341894341
2020-05-12 23:35:35,-10.56414939,22.00265781,810.3053156,0.248854399,,6.528217811000001,6.085265568947165
2020-05-12 23:38:43,-10.45472514,22.06511628,810.4302326,0.247911377,,6.637642061000001,6.088215066696075
2020-05-12 23:41:52,-10.43343987,22.07209302,810.444186,0.251913197,,6.658927331000001,6.098358270282634
2020-05-12 23:46:44,-10.38667225,21.9,810.3,0.267693796,,6.705694951000002,6.111468803276128
2020-05-12 23:51:53,-10.36448761,21.62790698,810.327907,0.282848164,,6.727879591000002,6.095663415284246
2020-05-12 23:55:51,-10.48230604,21.67906977,810.3930233,0.291329096,,6.610061161000003,6.122098754850143
2020-05-12 23:58:02,-10.49699588,21.54850498,810.3495017,0.297363197,,6.595371321000002,6.114476734925947
2020-05-13 00:00:45,-10.50419089,21.4,810.2953488,0.304529284,,6.588176311000002,6.106769731426734
2020-05-13 00:03:40,-10.53446993,21.4,810.2372093,0.308315183,,6.557897271000002,6.118798593202023
2020-05-13 00:06:08,-10.53387035,21.424,810.2,0.310545754,,6.558496851000001,6.130499085715414
2020-05-13 00:09:53,-10.52217844,21.574,810.2,0.309343229,,6.5701887610000025,6.155511715786253
2020-05-13 00:13:58,-10.54346371,21.32624585,810.2,0.315905852,,6.548903491000003,6.1251334951712
2020-05-13 00:19:03,-10.48200625,21.13023256,810.1302326,0.32356873,,6.610360951000002,6.110582508918193
2020-05-13 00:21:34,-10.47391186,21.06013289,810.1199336,0.327735072,,6.618455341000002,6.10803405073721
2020-05-13 00:25:06,-10.46521787,20.9192691,810.1903654,0.335504444,,6.627149331000002,6.096797486744098
2020-05-13 00:27:43,-10.48080708,20.772,810.1573333,0.341303019,,6.611560121000002,6.084969110173246
2020-05-13 00:30:22,-10.48710272,20.613,810.1043333,0.34718575,,6.6052644810000025,6.072185387385422
2020-05-13 00:32:53,-10.4921992,20.50830565,810.1,0.350774782,,6.600168001000002,6.061520056706769
2020-05-13 00:35:11,-10.49429774,20.4166113,810.1,0.353882836,,6.5980694610000015,6.051899937792511
2020-05-13 00:38:24,-10.48500418,20.28837209,810.044186,0.355505017,,6.607363021000001,6.034798958783229
2020-05-13 00:41:17,-10.53087242,20.18671096,810.013289,0.356971287,,6.561494781000002,6.020988154479654
2020-05-13 00:44:28,-10.50748861,20.12325581,810.0767442,0.359968997,,6.5848785910000025,6.01309876408612
2020-05-13 00:48:38,-10.41125523,19.98039867,810.1,0.36528714,,6.681111971000002,5.998054887788612
2020-05-13 00:51:53,-10.46132057,19.85066667,810.1,0.371199908,,6.631046631000002,5.988064970166395
2020-05-13 00:54:49,-10.47091393,19.73333333,810.1,0.378516568,,6.621453271000002,5.983734534633079
2020-05-13 00:57:57,-10.45562452,19.74584718,810.1458472,0.380730075,,6.636742681000001,5.988997829528159
2020-05-13 00:59:56,-10.48200625,19.78538206,810.1853821,0.380846411,,6.610360951000002,5.99459732331253
2020-05-13 01:04:12,-10.50898757,19.65913621,809.9887043,0.388040874,,6.5833796310000015,5.998408240124791
2020-05-13 01:08:43,-10.55275727,19.53953488,810.0813953,0.397522592,,6.539609931000001,5.994074051814585
2020-05-13 01:12:21,-10.66517944,19.434,810.167,0.403416275,,6.4271877610000026,5.984145127112186
2020-05-13 01:16:00,-10.70175412,19.28803987,810.1,0.407256581,,6.3906130810000015,5.969623631055352
2020-05-13 01:20:31,-10.62980393,19.10797342,810.1,0.414420958,,6.462563271000002,5.953266836184081
2020-05-13 01:22:38,-10.62290871,19.1,810.1,0.4147382,,6.469458491000001,5.952542550973591
2020-05-13 01:26:08,-10.61481431,19.09202658,810.0920266,0.414259337,,6.477552891000002,5.950325096603093
2020-05-13 01:29:11,-10.6154139,19.03122924,810.0312292,0.41060801,,6.476953301000002,5.9334170243117805
2020-05-13 01:33:37,-10.66937654,18.94285714,810.0,0.406947379,,6.422990661000002,5.909843447499967
2020-05-13 01:36:34,-10.72214001,18.852,809.984,0.406376642,,6.3702271910000015,5.892409638969533
2020-05-13 01:38:09,-10.72603731,18.757,809.9523333,0.407896796,,6.366329891000001,5.880005421628208
2020-05-13 01:41:10,-10.73503109,18.58405316,809.9079734,0.410590914,,6.357336111000002,5.8565666818427475
2020-05-13 01:44:34,-10.74462445,18.44850498,809.9757475,0.412136752,,6.347742751000002,5.831584021421777
2020-05-13 01:47:40,-10.81627484,18.32491694,809.9624585,0.414643161,,6.276092361000002,5.8152788451337045
2020-05-13 01:51:23,-10.81117837,18.18837209,809.9116279,0.418198508,,6.2811888310000015,5.800997279065535
2020-05-13 01:56:15,-10.78479664,18.1,810.0,0.421033028,,6.307570561000002,5.786807418598684
2020-05-13 02:00:14,-10.79618875,18.1,810.0,0.425731671,,6.296178451000001,5.798034461447748
2020-05-13 02:01:55,-10.79738792,18.07807309,809.9780731,0.427665153,,6.294979281000002,5.7997029352173834
2020-05-13 02:04:23,-10.80128522,18.02890365,809.9289037,0.43045786,,6.291081981000001,5.79975752884782
2020-05-13 02:06:57,-10.81267733,17.95127273,809.9,0.434174377,,6.279689871000002,5.795688623687286
2020-05-13 02:09:50,-10.85614724,17.82545455,809.9,0.439531849,,6.2362199610000015,5.785099473816031
2020-05-13 02:12:07,-10.84685367,17.8,809.9,0.44061573,,6.245513531000002,5.782957157866999
2020-05-13 02:16:54,-10.90441383,17.8,809.9,0.44061573,,6.1879533710000025,5.782957157866999
2020-05-13 02:20:26,-10.91010988,17.8,809.9,0.44061573,,6.182257321000002,5.782957157866999
2020-05-13 02:23:01,-10.91550615,17.69836066,809.9,0.448221333,,6.176861051000001,5.78223474532478
2020-05-13 02:25:33,-10.9292966,17.59666667,809.9,0.455811702,,6.163070601000001,5.781465772533179
2020-05-13 02:27:22,-10.93589203,17.415,809.9,0.468352563,,6.156475171000002,5.777658177733494
2020-05-13 02:29:32,-10.94248747,17.19833333,809.9,0.483309553,,6.149879731000002,5.773117009304742
2020-05-13 02:32:36,-10.94848332,17.1,809.9415282,0.491505435,,6.1438838810000025,5.772289096371021
2020-05-13 02:35:56,-10.96737024,17.08405316,810.0,0.493988665,,6.124996961000003,5.77225816307592
2020-05-13 02:39:52,-10.97636402,16.92724252,810.0,0.498916904,,6.116003181000002,5.754881695475453
2020-05-13 02:45:17,-11.00514409,16.9,809.9056478,0.503031856,,6.087223111000002,5.7644900752367745
2020-05-13 02:49:20,-11.14904447,16.82466667,809.9,0.500415413,,5.943322731000002,5.744523085330256
2020-05-13 02:51:57,-11.22639093,16.82757475,809.9,0.49397723,,5.865976271000001,5.729680177516206
2020-05-13 02:55:25,-11.14874468,16.89667774,809.9,0.48014999,,5.943622521000002,5.709487753305593
2020-05-13 02:58:07,-11.17002994,16.84950166,809.9504983,0.477670414,,5.922337261000003,5.692201929547417
2020-05-13 03:01:30,-11.14334841,16.7641196,810.0,0.476383617,,5.949018791000002,5.670714548741439
2020-05-13 03:03:49,-11.096281,16.6717608,810.0,0.477650548,,5.9960862010000024,5.656571683730979
2020-05-13 03:07:38,-11.15264198,16.6,810.0,0.474651783,,5.9397252210000016,5.636065570566897
2020-05-13 03:11:54,-11.14874468,16.5744186,810.0,0.469523338,,5.943622521000002,5.6190558014616805
2020-05-13 03:16:29,-11.16283492,16.46611296,810.0169435,0.472207175,,5.929532281000002,5.604464644733293
2020-05-13 03:20:22,-11.19761085,16.31129568,810.0943522,0.474314987,,5.894756351000002,5.576748240197248
2020-05-13 03:22:35,-11.19701126,16.3,810.1,0.474468776,,5.895355941000002,5.57472601616254
2020-05-13 03:26:27,-11.23118761,16.28438538,810.1,0.475462715,,5.861179591000003,5.574198097418419
2020-05-13 03:29:32,-11.23178719,16.22292359,810.1,0.479375031,,5.8605800110000015,5.572120128602573
2020-05-13 03:31:57,-11.22908906,16.17466667,810.0746667,0.482468345,,5.863278141000002,5.571839771426809
2020-05-13 03:35:32,5.656721139,16.103,810.003,0.487091199,,5.841293361000002,5.573239165104613
2020-05-13 03:38:00,-3.315467544,16.0538206,810.0461794,0.490303316,,5.819308581000001,5.56955625390055
2020-05-13 03:39:34,-11.2950434,16.02259136,810.0774086,0.492344672,,5.797323801000001,5.567026036025957
2020-05-13 03:42:33,-11.27165959,15.96312292,810.1,0.498841779,,5.820707611000001,5.5703357873682195
2020-05-13 03:45:40,-11.25547079,15.90099668,810.1,0.507299537,,5.8368964110000015,5.57899527394697
2020-05-13 03:47:37,-11.24977474,15.86212625,810.1,0.511363419,,5.842592461000002,5.581479340278985
2020-05-13 03:51:01,-11.25217308,15.8,810.1056667,0.518215515,,5.8401941210000015,5.5860114996701755
2020-05-13 03:55:21,5.582072817,15.8,810.1923333,0.524462799,5.582072817,5.582072817,
2020-05-13 03:58:19,5.591366383,15.74850498,810.2,0.528633812,5.591366383,5.591366383,
2020-05-13 04:02:45,5.673209724,15.7,810.2,0.530582717,5.673209724,5.673209724,
2020-05-13 04:05:47,5.68490163,15.69966777,810.2,0.528380608,5.68490163,5.68490163,
2020-05-13 04:08:33,5.734966971,15.64451827,810.2,0.528230948,5.734966971,5.734966971,
2020-05-13 04:10:39,5.741262612,15.60265781,810.2,0.52811735,5.741262612,5.741262612,
2020-05-13 04:13:59,5.737964895,15.53621262,810.3275748,0.530273342,5.737964895,5.737964895,
2020-05-13 04:17:50,5.70438814,15.45933333,810.3593333,0.532890486,5.70438814,5.70438814,
2020-05-13 04:20:47,5.709184819,15.40033333,810.3003333,0.534905783,5.709184819,5.709184819,
2020-05-13 04:23:45,5.708585234,15.4,810.241196,0.534917169,5.708585234,5.708585234,
2020-05-13 04:28:08,5.634536497,15.4,810.2461794,0.534917169,5.634536497,5.634536497,
2020-05-13 04:30:24,5.59346493,15.4,810.2913621,0.534917169,5.59346493,5.59346493,
2020-05-13 04:31:49,5.581473232,15.38039867,810.3196013,0.533423101,5.581473232,5.581473232,
2020-05-13 04:33:58,5.588368459,15.33754153,810.3624585,0.530156408,5.588368459,5.588368459,
2020-05-13 04:37:23,5.582372609,15.26933333,810.3693333,0.522782359,5.582372609,5.582372609,
2020-05-13 04:41:11,5.574578006,15.2,810.2933555,0.511413221,5.574578006,5.574578006,
2020-05-13 04:45:12,5.531108099,15.2,810.213289,0.49735208,5.531108099,5.531108099,
2020-05-13 04:49:15,5.45196289,15.2,810.3348837,0.490381811,5.45196289,5.45196289,
2020-05-13 04:53:31,5.534705609,15.14750831,810.4524917,0.486206796,5.534705609,5.534705609,
2020-05-13 04:55:11,5.533806231,15.11428571,810.4857143,0.484981024,5.533806231,5.533806231,
2020-05-13 04:57:19,5.530808307,15.0717608,810.4717608,0.483417455,5.530808307,5.530808307,
2020-05-13 04:59:16,5.520315571,15.03289037,810.4328904,0.481990761,5.520315571,5.520315571,
2020-05-13 05:02:25,5.48853757,14.97,810.43,0.481714186,5.48853757,5.48853757,
2020-05-13 05:06:11,5.518217023,14.9,810.4946844,0.484066818,5.518217023,5.518217023,
2020-05-13 05:07:38,5.50802408,14.9,810.4657807,0.485051906,5.50802408,5.50802408,
2020-05-13 05:10:30,5.510122627,14.9,810.4086379,0.486999436,5.510122627,5.510122627,
2020-05-13 05:14:08,5.4873384,14.83621262,810.3362126,0.491502571,5.4873384,5.4873384,
2020-05-13 05:17:43,5.445067664,14.83521595,810.3352159,0.49399117,5.445067664,5.445067664,
2020-05-13 05:20:54,5.433075965,14.8986711,810.3986711,0.494170027,5.433075965,5.433075965,
2020-05-13 05:23:20,5.430677626,14.80533333,810.4,0.500545298,5.430677626,5.430677626,
2020-05-13 05:26:32,5.419885097,14.67740864,810.4,0.508786571,5.419885097,5.419885097,
2020-05-13 05:28:47,5.417186965,14.58770764,810.4,0.513360007,5.417186965,5.417186965,
2020-05-13 05:31:00,5.413289663,14.49966777,810.4,0.517818909,5.413289663,5.413289663,
2020-05-13 05:33:52,5.404295889,14.44252492,810.4,0.515599628,5.404295889,5.404295889,
2020-05-13 05:37:16,5.406994021,14.4,810.3747508,0.513042704,5.406994021,5.406994021,
2020-05-13 05:41:18,5.398000248,14.4,810.2886667,0.510362341,5.398000248,5.398000248,
2020-05-13 05:45:07,5.29577102,14.4,810.136,0.510362341,5.29577102,5.29577102,
2020-05-13 05:47:11,5.299668322,14.37674419,810.1,0.5119711,5.299668322,5.299668322,
2020-05-13 05:50:33,5.193541791,14.30963455,810.1,0.51661352,5.193541791,5.193541791,
2020-05-13 05:53:00,5.105702601,14.26079734,810.1,0.520028539,5.105702601,5.105702601,
2020-05-13 05:56:01,5.265791774,14.20066445,810.1,0.52424451,5.265791774,5.265791774,
2020-05-13 05:59:32,5.276884095,14.06112957,810.1,0.534225558,5.276884095,5.276884095,
2020-05-13 06:02:46,5.282879944,14.0,810.066113,0.541162676,5.282879944,5.282879944,
2020-05-13 06:05:29,5.278682849,14.0,810.0119601,0.545260133,5.278682849,5.278682849,
2020-05-13 06:06:46,5.285278284,13.97266667,809.9863333,0.545572987,5.285278284,5.285278284,
2020-05-13 06:08:57,5.257397585,13.88533333,809.9426667,0.543681136,5.257397585,5.257397585,
2020-05-13 06:11:54,5.214527263,13.78372093,809.9,0.541174223,5.214527263,5.214527263,
2020-05-13 06:13:45,5.192942206,13.74684385,809.9,0.539682771,5.192942206,5.192942206,
2020-05-13 06:17:55,5.128486828,13.7,809.9,0.536429506,5.128486828,5.128486828,
2020-05-13 06:22:10,5.157566696,13.67906977,809.8790698,0.53165155,5.157566696,5.157566696,
2020-05-13 06:24:58,5.176153829,13.62325581,809.8232558,0.525292573,5.176153829,5.176153829,
2020-05-13 06:26:44,5.168659017,13.6,809.8,0.52176697,5.168659017,5.168659017,
2020-05-13 06:29:19,5.160864413,13.6,809.8,0.51799518,5.160864413,5.160864413,
2020-05-13 06:33:20,5.147673545,13.55614618,809.7561462,0.515221064,5.147673545,5.147673545,
2020-05-13 06:37:18,5.135681847,13.5,809.7,0.515065256,5.135681847,5.135681847,
2020-05-13 06:39:56,5.111398658,13.5,809.7,0.515065256,5.111398658,5.111398658,
2020-05-13 06:41:21,5.108100941,13.49634551,809.7,0.514791466,5.108100941,5.108100941,
2020-05-13 06:43:36,5.105402809,13.45149502,809.7,0.511431308,5.105402809,5.105402809,
2020-05-13 06:45:44,5.100606129,13.4089701,809.7,0.50824538,5.100606129,5.100606129,
2020-05-13 06:47:40,5.104203639,13.4,809.6703333,0.507573348,5.104203639,5.104203639,
2020-05-13 06:50:46,5.080819827,13.4,809.6083333,0.507573348,5.080819827,5.080819827,
2020-05-13 06:53:35,5.046643487,13.35215947,809.6,0.510891728,5.046643487,5.046643487,
2020-05-13 06:55:35,5.056236846,13.31229236,809.6,0.513657045,5.056236846,5.056236846,
2020-05-13 06:58:21,5.047243072,13.25714286,809.6,0.512838906,5.047243072,5.047243072,
2020-05-13 07:00:28,5.04574411,13.21495017,809.6,0.511194033,5.04574411,5.04574411,
2020-05-13 07:03:36,5.06043394,13.15249169,809.6,0.493853278,5.06043394,5.06043394,
2020-05-13 07:05:30,5.054737883,13.11461794,809.6,0.480493812,5.054737883,5.054737883,
2020-05-13 07:08:23,5.031354072,13.05714286,809.6428571,0.481101704,5.031354072,5.031354072,
2020-05-13 07:11:03,4.957305334,13.00398671,809.6960133,0.48825107,4.957305334,4.957305334,
2020-05-13 07:12:43,4.844283578,12.97066667,809.6706667,0.484672761,4.844283578,4.844283578,
2020-05-13 07:16:01,4.963001391,12.90466667,809.6046667,0.475415112,4.963001391,4.963001391,
2020-05-13 07:19:29,4.983387278,12.9,809.6,0.459789851,4.983387278,4.983387278,
2020-05-13 07:22:41,4.934221315,12.9,809.6,0.444385036,4.934221315,4.934221315,
2020-05-13 07:23:59,4.939017995,12.9,809.6,0.437825886,4.939017995,4.939017995,
2020-05-13 07:26:42,4.944414259,12.9,809.6,0.426736799,4.944414259,4.944414259,
2020-05-13 07:29:26,4.933022145,12.9,809.6,0.430118884,4.933022145,4.933022145,
2020-05-13 07:31:25,4.930623806,12.9,809.5976667,0.4325753,4.930623806,4.930623806,
2020-05-13 07:34:23,4.936319862,12.9,809.5383333,0.436305665,4.936319862,4.936319862,
2020-05-13 07:37:03,4.928525259,12.88504983,809.5,0.438671508,4.928525259,4.928525259,
2020-05-13 07:39:16,4.738157048,12.84086379,809.5,0.438540801,4.738157048,4.738157048,
2020-05-13 07:42:19,4.86287071,12.8,809.5,0.435316094,4.86287071,4.86287071,
2020-05-13 07:46:43,4.853577144,12.8,809.5,0.422153245,4.853577144,4.853577144,
2020-05-13 07:50:04,4.86406988,12.8,809.5,0.416072484,4.86406988,4.86406988,
2020-05-13 07:53:20,4.867067805,12.76046512,809.4604651,0.408930786,4.867067805,4.867067805,
2020-05-13 07:56:36,4.841285653,12.70466667,809.4,0.400260935,4.841285653,4.841285653,
2020-05-13 07:58:31,4.851178804,12.743,809.4,0.389500732,4.851178804,4.851178804,
2020-05-13 08:02:09,4.854176729,12.8,809.3843854,0.370977708,4.854176729,4.854176729,
2020-05-13 08:05:15,4.831392502,12.8,809.3225914,0.36099279,4.831392502,4.831392502,
2020-05-13 08:08:13,4.70667884,12.8,809.3,0.352595437,4.70667884,4.70667884,
2020-05-13 08:12:01,4.76034169,12.82458472,809.3,0.339656931,4.76034169,4.76034169,
2020-05-13 08:16:46,4.786423633,12.993,809.293,0.307621414,4.786423633,4.786423633,
2020-05-13 08:22:08,4.769935048,12.88571429,809.2,0.326781667,4.769935048,4.769935048,
2020-05-13 08:27:48,4.814903917,12.82724252,809.2,0.323862165,4.814903917,4.814903917,
2020-05-13 08:31:42,4.772932973,12.90498339,809.1950166,0.322458925,4.772932973,4.772932973,
2020-05-13 08:34:36,4.782826124,12.9627907,809.1372093,0.324030019,4.782826124,4.782826124,
2020-05-13 08:38:33,4.780727577,13.0,809.1415282,0.319118469,4.780727577,4.780727577,
2020-05-13 08:41:46,4.784025294,12.99433333,809.2,0.312411054,4.784025294,4.784025294,
2020-05-13 08:44:20,4.778029445,12.943,809.2,0.327194407,4.778029445,4.778029445,
2020-05-13 08:47:10,4.785824049,12.88637874,809.2,0.343455345,4.785824049,4.785824049,
2020-05-13 08:50:31,4.77862903,12.81960133,809.2,0.362464458,4.77862903,4.77862903,
2020-05-13 08:53:16,4.728263897,12.76478405,809.1647841,0.363241933,4.728263897,4.728263897,
2020-05-13 08:56:49,4.731861406,12.69401993,809.1,0.353770015,4.731861406,4.731861406,
2020-05-13 09:00:11,4.745052274,12.6269103,809.1,0.346616144,4.745052274,4.745052274,
2020-05-13 09:03:17,4.748349991,12.565,809.1,0.34275009,4.748349991,4.748349991,
2020-05-13 09:07:52,4.760641482,12.5,809.0734219,0.344327283,4.760641482,4.760641482,
2020-05-13 09:12:23,4.739955802,12.46677741,808.9833887,0.357740673,4.739955802,4.739955802,
2020-05-13 09:15:17,4.734859331,12.35116279,808.9255814,0.371449304,4.734859331,4.734859331,
2020-05-13 09:17:49,4.697984858,12.27508306,808.9249169,0.383134386,4.697984858,4.697984858,
2020-05-13 09:19:53,4.691089632,12.23388704,808.966113,0.392423837,4.691089632,4.691089632,
2020-05-13 09:23:28,4.682395651,12.12466667,808.9623333,0.404313226,4.682395651,4.682395651,
2020-05-13 09:26:37,4.68599316,11.99933555,808.8993355,0.411381465,4.68599316,4.68599316,
2020-05-13 09:29:53,4.689890462,11.93421927,808.8342193,0.415130294,4.689890462,4.689890462,
2020-05-13 09:34:53,4.681496273,11.9,808.8,0.42111667,4.681496273,4.681496273,
2020-05-13 09:38:39,4.712974481,11.9,808.8810631,0.423236966,4.712974481,4.712974481,
2020-05-13 09:41:35,4.717171576,11.9,808.9980066,0.423236966,4.717171576,4.717171576,
2020-05-13 09:44:26,4.707278425,11.84418605,808.944186,0.428291892,4.707278425,4.707278425,
2020-05-13 09:47:54,4.685093783,11.775,808.875,0.43460422,4.685093783,4.685093783,
2020-05-13 09:52:41,4.68959067,11.7,808.820598,0.442199252,4.68959067,4.68959067,
2020-05-13 09:56:25,4.68479399,11.7,808.8950166,0.444596417,4.68479399,4.68479399,
2020-05-13 10:00:14,4.475538854,11.7,808.686711,0.440191324,4.475538854,4.475538854,
2020-05-13 10:02:21,4.456052345,11.7,808.6265781,0.437492736,4.456052345,4.456052345,
2020-05-13 10:06:09,4.518409176,11.7,808.7780731,0.432690646,4.518409176,4.518409176,
2020-05-13 10:09:17,4.470442383,11.64901316,808.8509868,0.435076404,4.470442383,4.470442383,
2020-05-13 10:12:30,4.534897761,11.6,808.9,0.438037946,4.534897761,4.534897761,
2020-05-13 10:15:52,4.543591742,11.6,808.9,0.438037946,4.543591742,4.543591742,
2020-05-13 10:20:04,4.553484894,11.53433333,808.9,0.439945025,4.553484894,4.553484894,
2020-05-13 10:23:32,4.524105233,11.5,808.9348837,0.439825287,4.524105233,4.524105233,
2020-05-13 10:25:02,4.521706893,11.5,808.9647841,0.438867995,4.521706893,4.521706893,
2020-05-13 10:27:54,4.526503572,11.47807309,808.9780731,0.436284529,4.526503572,4.526503572,
2020-05-13 10:31:04,4.449157118,11.41495017,808.9149502,0.432093045,4.449157118,4.449157118,
2020-05-13 10:32:49,4.463247364,11.38006645,808.9,0.429792529,4.463247364,4.463247364,
2020-05-13 10:37:33,4.430270193,11.3,808.8856667,0.424095112,4.430270193,4.430270193,
2020-05-13 10:43:44,4.514511874,11.3,808.8378738,0.421438838,4.514511874,4.514511874,
2020-05-13 10:45:53,4.525604195,11.3,808.8807309,0.421438838,4.525604195,4.525604195,
2020-05-13 10:48:57,4.539994233,11.3,808.8162791,0.422736809,4.539994233,4.539994233,
2020-05-13 10:51:12,4.533698591,11.3,808.7265781,0.424127492,4.533698591,4.533698591,
2020-05-13 10:53:44,4.531600044,11.3,808.7744186,0.424539547,4.531600044,4.531600044,
2020-05-13 10:56:54,4.376007758,11.29966777,808.8996678,0.424569863,4.376007758,4.376007758,
2020-05-13 11:00:46,4.421876005,11.22259136,808.8225914,0.431603195,4.421876005,4.421876005,
2020-05-13 11:04:21,4.412582438,11.2,808.898,0.433664689,4.412582438,4.412582438,
2020-05-13 11:07:56,4.426672684,11.15880399,809.020598,0.436190311,4.426672684,4.426672684,
2020-05-13 11:11:11,4.423374967,11.02923588,809.0853821,0.444133797,4.423374967,4.423374967,
2020-05-13 11:13:38,4.435666458,10.96578073,809.0315615,0.449200835,4.435666458,4.435666458,
2020-05-13 11:17:04,4.437765005,10.9,808.9,0.45540784,4.437765005,4.437765005,
2020-05-13 11:20:35,4.441662307,10.9,808.9,0.453087499,4.441662307,4.441662307,
2020-05-13 11:24:54,4.393395721,10.959,808.9,0.450420134,4.393395721,4.393395721,
2020-05-13 11:27:11,4.402689287,10.99534884,808.9,0.449332366,4.402689287,4.402689287,
2020-05-13 11:30:01,4.34572872,10.93887043,808.9,0.451022527,4.34572872,4.34572872,
2020-05-13 11:32:02,4.348726645,10.9,808.9,0.452098627,4.348726645,4.348726645,
2020-05-13 11:36:21,4.36161772,10.9,808.9,0.446457107,4.36161772,4.36161772,
2020-05-13 11:39:21,4.36401606,10.85282392,808.9471761,0.450144762,4.36401606,4.36401606,
