time,cablecal,temp,pressure,humid
20-02-20 9:47:04,3.672473966,0.465116279,886.8906977,0.378239949
20-02-20 9:48:55,3.6631804,0.344850498,886.9,0.370102243
20-02-20 9:50:26,3.651488494,0.284385382,886.9,0.357507952
20-02-20 9:52:30,3.653287249,0.201993355,886.9,0.3403465
20-02-20 9:55:01,3.454225057,0.29833887,886.9983389,0.35297517
20-02-20 9:57:16,3.649689739,0.388039867,887.0880399,0.364873292
20-02-20 9:58:38,3.580437682,0.272425249,887.1,0.367970069
20-02-20 10:00:16,3.598725022,0.077076412,887.1,0.370282809
20-02-20 10:01:50,3.603521701,-0.110299003,887.1,0.372501151
20-02-20 10:03:27,3.597525852,-0.234437086,887.1,0.371901221
20-02-20 10:06:33,3.71324574,-0.357615894,887.1,0.365956723
20-02-20 10:07:49,3.704551759,-0.388039867,887.1,0.363831387
20-02-20 10:09:33,3.69975508,-0.284385382,887.1,0.363138776
20-02-20 10:10:54,3.691360891,-0.203654485,887.1,0.362599338
20-02-20 10:12:16,3.694059023,-0.12192691,887.1,0.362053241
20-02-20 10:15:58,3.618811116,0.564451827,886.9671096,0.360127762
20-02-20 10:17:04,3.637098456,0.78372093,886.9232558,0.359540704
20-02-20 10:18:36,3.683566287,1.146179402,886.9,0.356249233
20-02-20 10:20:13,3.721040344,1.565116279,886.9,0.351177745
20-02-20 10:22:03,3.73752893,2.040199336,886.9,0.345426574
20-02-20 10:24:16,3.724937646,2.231893688,886.9318937,0.335904574
20-02-20 10:25:27,3.734531005,2.255481728,886.9554817,0.330292975
20-02-20 10:27:10,3.727036194,2.289700997,886.989701,0.322152204
20-02-20 10:29:12,3.741426232,1.786046512,887.0302326,0.329618453
20-02-20 10:30:51,3.734231213,1.226910299,887.0631229,0.340406607
20-02-20 10:33:02,3.694958401,0.506542056,887.0937695,0.353299609
20-02-20 10:34:42,3.697956325,0.039252336,887.0626168,0.35728558
20-02-20 10:37:36,3.688063174,-0.773831776,887.0084112,0.364221168
20-02-20 10:41:20,3.691660684,-0.966329966,887.1326599,0.379348635
20-02-20 10:44:33,3.673673136,-1.37076412,887.2,0.395403243
20-02-20 10:47:40,3.567246813,-2.11627907,887.2,0.413343161
20-02-20 10:48:40,3.536667983,-2.238870432,887.2,0.418391897
20-02-20 10:50:12,3.563049719,-2.330564784,887.2,0.425549244
20-02-20 10:51:42,3.537267568,-2.420265781,887.2,0.432550997
20-02-20 10:52:54,3.546561134,-2.492026578,887.2,0.4381524
20-02-20 10:54:54,3.519579813,-2.537209302,887.2,0.444051097
20-02-20 10:56:08,3.493497869,-2.56179402,887.2,0.447537237
20-02-20 10:57:39,3.491099529,-2.592026578,887.2,0.451824247
20-02-20 10:59:17,3.48750202,-2.673754153,887.2,0.450040687
20-02-20 11:00:56,3.454225057,-2.772425249,887.2,0.44614196
20-02-20 11:03:00,3.403859924,-2.896013289,887.2,0.441258706
20-02-20 11:04:11,3.392767603,-2.922259136,887.2,0.445945368
20-02-20 11:05:32,3.378677357,-2.949169435,887.2,0.451801772
20-02-20 11:06:57,3.395465735,-2.977408638,887.2,0.457947381
20-02-20 11:08:51,3.402061169,-2.984717608,887.2152824,0.465836348
20-02-20 11:12:20,3.530072549,-2.915282392,887.2847176,0.479341744
20-02-20 11:13:24,3.525275869,-2.887671233,887.3,0.479154268
20-02-20 11:14:53,3.512384794,-2.826712329,887.3,0.463530045
20-02-20 11:16:26,3.506988529,-2.763013699,887.3,0.447203609
20-02-20 11:17:55,3.51928002,-2.702054795,887.3,0.431579386
20-02-20 11:20:37,3.236875525,-2.383056478,887.3,0.439592989
20-02-20 11:21:57,3.428742698,-2.22358804,887.3,0.443889976
20-02-20 11:23:41,3.424545603,-2.113953488,887.2860465,0.448194311
20-02-20 11:26:04,3.438036264,-2.161461794,887.2385382,0.45151113
20-02-20 11:28:21,3.433539377,-2.130463576,887.2,0.451486239
20-02-20 11:30:33,3.409855773,-1.693377483,887.2,0.434417653
20-02-20 11:33:08,3.517181473,-1.196013289,887.2019934,0.414964515
20-02-20 11:34:43,3.552856775,-1.132890365,887.2335548,0.412014358
20-02-20 11:36:22,3.568146191,-1.067109635,887.2664452,0.408939985
20-02-20 11:37:52,3.57294287,-1.00730897,887.2963455,0.4061451
20-02-20 11:39:46,3.577139965,-0.863122924,887.2315615,0.402896778
20-02-20 11:42:44,3.42784332,-0.626578073,887.113289,0.397873507
20-02-20 11:44:03,3.482105755,-0.619601329,887.158804,0.395374119
20-02-20 11:45:43,3.487202227,-0.65282392,887.2584718,0.392094499
20-02-20 11:47:09,3.460820491,-0.681395349,887.344186,0.389274026
20-02-20 11:49:06,3.453025887,-0.781063123,887.4202658,0.393117891
20-02-20 11:53:05,3.469514472,-1.098671096,887.4996678,0.415374087
20-02-20 11:55:39,3.457822566,-1.049169435,887.4491694,0.41223386
20-02-20 11:58:16,3.481805963,-1.0089701,887.4,0.408121431
20-02-20 11:59:53,3.483304925,-1.105647841,887.4,0.397508054
20-02-20 12:01:46,3.479707416,-1.218272425,887.4,0.385144018
20-02-20 12:05:57,3.444631698,-1.187707641,887.4561462,0.388961639
20-02-20 12:07:50,3.467415925,-1.112624585,887.4936877,0.397513368
20-02-20 12:10:32,3.499193925,-0.909966777,887.5,0.405806869
20-02-20 12:12:46,3.538166945,-0.731893688,887.5,0.412230997
20-02-20 12:15:11,3.535468813,-0.378405316,887.4598007,0.395334566
20-02-20 12:17:29,3.585534153,-0.011627907,887.4139535,0.374752013
20-02-20 12:18:44,3.596326682,0.143853821,887.4109635,0.367333391
20-02-20 12:20:17,3.600523776,0.26744186,887.4418605,0.364080178
20-02-20 12:22:21,3.60711921,0.432225914,887.4830565,0.359742559
20-02-20 12:24:12,3.603221908,0.280730897,887.5199336,0.360814844
20-02-20 12:27:10,3.560351587,-0.369767442,887.5790698,0.36928855
20-02-20 12:28:33,3.533070473,-0.672847682,887.6,0.373289059
20-02-20 12:30:15,3.553156568,-1.044370861,887.6,0.378396139
20-02-20 12:31:51,3.549559058,-1.394039735,887.6,0.383202803
20-02-20 12:33:37,3.514783133,-1.69269103,887.6,0.389839195
20-02-20 12:35:21,3.561550757,-1.658139535,887.6,0.401329119
20-02-20 12:36:31,3.560051794,-1.634883721,887.6,0.409062722
20-02-20 12:38:13,3.564248889,-1.600996678,887.6,0.420331686
20-02-20 12:40:14,3.562749927,-1.6,887.6392027,0.419329455
20-02-20 12:41:54,3.563949096,-1.6,887.6724252,0.418199225
20-02-20 12:43:39,3.39486615,-1.62923588,887.692691,0.416432848
20-02-20 12:45:04,3.538166945,-1.742192691,887.6644518,0.413232652
20-02-20 12:46:11,3.552257191,-1.831229236,887.6421927,0.410710144
20-02-20 12:47:43,3.559152417,-1.953488372,887.6116279,0.407246402
20-02-20 12:49:19,3.558552832,-1.898671096,887.6202658,0.411076939
20-02-20 12:51:10,3.556454285,-1.714285714,887.6571429,0.420445094
20-02-20 12:53:05,3.547460511,-1.523255814,887.6953488,0.43015084
20-02-20 12:54:40,3.538166945,-1.526910299,887.7,0.436027758
20-02-20 12:56:31,3.53516902,-1.563787375,887.7,0.442462124
20-02-20 12:58:02,3.528273794,-1.594019934,887.7,0.447737145
20-02-20 13:00:07,3.510586039,-2.310963455,887.7355482,0.461331328
20-02-20 13:03:25,3.513883756,-3.601328904,887.8,0.48418817
20-02-20 13:05:07,3.508787284,-3.635215947,887.8,0.486769695
20-02-20 13:07:16,3.497395171,-3.67807309,887.8,0.490034564
20-02-20 13:08:47,3.488701189,-3.616943522,887.8083056,0.490333321
20-02-20 13:10:28,3.487202227,-3.281395349,887.8418605,0.484791887
20-02-20 13:12:32,3.424545603,-2.869435216,887.8830565,0.477988543
20-02-20 13:13:39,3.419449132,-2.774418605,887.9,0.477528338
20-02-20 13:15:14,3.417350584,-3.21627907,887.9,0.491409885
20-02-20 13:16:44,3.425744773,-3.634883721,887.9,0.504560824
20-02-20 13:18:28,3.463218831,-4.110631229,887.8986711,0.519602482
20-02-20 13:21:34,3.376279018,-4.604983389,887.8368771,0.539574381
20-02-20 13:23:27,3.383474037,-4.899335548,887.8013289,0.551406998
20-02-20 13:26:09,3.414952245,-4.84551495,887.9089701,0.544433159
20-02-20 13:28:23,3.436537302,-4.800996678,887.9980066,0.538664674
20-02-20 13:30:48,3.427243736,-5.317218543,888.0470199,0.541175492
20-02-20 13:32:39,3.38017632,-5.721523179,888.0837748,0.543239126
20-02-20 13:34:34,3.36308815,-5.790365449,888.0780731,0.542534948
20-02-20 13:36:57,3.372981301,-5.55282392,888.0305648,0.539035455
20-02-20 13:39:16,3.402660754,-5.337541528,888.0156146,0.538341183
20-02-20 13:41:28,3.385872376,-5.162126246,888.0594684,0.542714458
20-02-20 13:43:31,3.438036264,-4.998671096,888.1,0.546760252
20-02-20 13:44:41,3.425744773,-4.905647841,888.1,0.547028271
20-02-20 13:46:13,3.442233358,-4.783388704,888.1,0.547380524
20-02-20 13:47:49,3.453925264,-4.655813953,888.1,0.547748093
20-02-20 13:49:39,3.456323604,-4.441860465,888.1225914,0.540605649
20-02-20 13:52:19,3.322016583,-4.069767442,888.1757475,0.523421519
20-02-20 13:54:21,3.288439827,-3.86744186,888.2,0.51500215
20-02-20 13:58:06,3.261458506,-3.717940199,888.2,0.512342972
20-02-20 14:01:48,3.214690883,-4.088704319,888.2647841,0.513555952
20-02-20 14:05:04,3.293536299,-4.180398671,888.3,0.511045071
20-02-20 14:07:13,3.330710564,-4.0089701,888.3,0.506252429
20-02-20 14:09:36,3.370882753,-3.839202658,888.3202658,0.500131183
20-02-20 14:12:37,3.393367188,-3.658803987,888.3803987,0.491007714
20-02-20 14:14:51,3.350796659,-3.550166113,888.3750831,0.494234278
20-02-20 14:17:06,3.395765527,-3.460465116,888.3302326,0.505395199
20-02-20 14:19:51,3.196403543,-3.449169435,888.3491694,0.521144589
20-02-20 14:21:06,3.3412033,-3.499003322,888.3990033,0.529481855
20-02-20 14:23:02,3.376878603,-3.576079734,888.4760797,0.542376826
20-02-20 14:25:44,3.392168018,-3.641721854,888.5,0.533777664
20-02-20 14:27:58,3.406258263,-3.686092715,888.5,0.520376547
20-02-20 14:30:23,3.398763452,-3.665780731,888.5,0.51065682
20-02-20 14:33:48,3.375679433,-3.595348837,888.5023256,0.500155207
20-02-20 14:35:38,3.353494791,-3.522259136,888.5388704,0.501859485
20-02-20 14:37:48,3.372981301,-3.435880399,888.5820598,0.503873631
20-02-20 14:39:30,3.367585036,-3.511627907,888.6159468,0.509736336
20-02-20 14:41:03,3.371482338,-3.727906977,888.6468439,0.519474329
20-02-20 14:43:33,3.380476112,-4.076744186,888.6966777,0.535180768
20-02-20 14:44:51,3.32171679,-4.362379421,888.7,0.537373427
20-02-20 14:46:36,3.381675282,-4.767524116,888.7,0.539142311
20-02-20 14:47:57,3.363387942,-5.080064309,888.7,0.540506879
20-02-20 14:49:20,3.352295621,-5.264261168,888.7,0.539640245
20-02-20 14:52:56,3.11306124,-4.967353952,888.7,0.524463038
20-02-20 14:54:13,3.295035262,-4.85379538,888.7,0.523968268
20-02-20 14:56:22,3.335507243,-4.640924092,888.7,0.537551083
20-02-20 14:59:22,3.374480263,-4.378135048,888.7,0.549201611
20-02-20 15:01:36,3.351696036,-4.291961415,888.7,0.534531488
20-02-20 15:03:51,3.391568433,-4.205144695,888.7,0.519751887
20-02-20 15:06:12,3.363387942,-4.2,888.744186,0.518876059
20-02-20 15:07:55,3.354094376,-4.2,888.7784053,0.518876059
20-02-20 15:10:04,3.344501017,-4.111418685,888.8,0.521958452
20-02-20 15:11:35,3.34480081,-3.985467128,888.8,0.526341229
20-02-20 15:13:15,3.397864075,-3.847058824,888.8,0.531157468
20-02-20 15:15:53,3.320517621,-3.8,888.882392,0.529285582
20-02-20 15:16:54,3.352295621,-3.8,888.9229236,0.527559181
20-02-20 15:18:10,3.357991678,-3.8,888.9734219,0.525408255
20-02-20 15:19:34,3.356792508,-3.8,888.9853821,0.519470438
20-02-20 15:21:26,3.358891055,-3.8,888.9481728,0.50723762
20-02-20 15:24:41,3.120855843,-3.733774834,888.9165563,0.492931896
20-02-20 15:26:04,3.279146261,-3.62384106,888.9440397,0.495474031
20-02-20 15:27:54,3.324414922,-3.478145695,888.9804636,0.498843126
20-02-20 15:29:52,3.337605791,-3.321594684,889.0196013,0.497763013
20-02-20 15:31:34,3.355593338,-3.186046512,889.0534884,0.492771629
20-02-20 15:33:57,3.353794583,-2.997009967,889.1009967,0.485737771
20-02-20 15:36:48,3.302829865,-2.826578073,889.1578073,0.475310254
20-02-20 15:38:51,3.27045228,-2.703986711,889.1986711,0.46780976
20-02-20 15:42:35,3.253064317,-2.626910299,889.2730897,0.465035888
20-02-20 15:46:17,3.227581959,-2.459468439,889.3,0.462786885
20-02-20 15:49:33,3.293836092,-2.252159468,889.3119601,0.460555437
20-02-20 15:52:43,3.416451207,-1.999667774,889.3750831,0.456668931
20-02-20 15:53:58,3.428442905,-1.9,889.4,0.455134784
20-02-20 15:55:32,3.458721944,-1.743853821,889.3687708,0.451102923
20-02-20 15:57:37,3.443732321,-1.536212625,889.3272425,0.445741406
20-02-20 15:59:28,3.45092734,-1.371096346,889.3096346,0.44129595
20-02-20 16:02:05,3.246468883,-1.21461794,889.361794,0.43627032
20-02-20 16:03:23,3.414652452,-1.136877076,889.3877076,0.433773511
20-02-20 16:05:32,3.445830868,-0.855481728,889.4,0.427104337
20-02-20 16:08:33,3.477009284,-0.374418605,889.4,0.416313609
20-02-20 16:10:47,3.455124434,-0.053488372,889.4,0.409655197
20-02-20 16:13:02,3.494397246,0.260465116,889.4,0.403301119
20-02-20 16:16:37,3.27285062,0.811960133,889.451495,0.388907262
20-02-20 16:19:05,3.325614092,1.203311258,889.5,0.377920983
20-02-20 16:21:25,3.331609941,1.435099338,889.5,0.371743241
20-02-20 16:22:59,3.34240247,1.590728477,889.5,0.367595329
20-02-20 16:24:46,3.356192923,1.75448505,889.5,0.362512376
20-02-20 16:26:54,3.365786282,1.924584718,889.5,0.355735901
20-02-20 16:28:00,3.382874452,2.012292359,889.5,0.352241781
20-02-20 16:29:35,3.389469886,2.157807309,889.5,0.347342223
20-02-20 16:31:05,3.399063244,2.337209302,889.5,0.342980518
20-02-20 16:32:53,3.417350584,2.552491694,889.5,0.337746471
20-02-20 16:36:06,3.307326752,2.818604651,889.5,0.344412859
20-02-20 16:37:15,3.507288322,2.887375415,889.5,0.35035769
20-02-20 16:39:04,3.5558547,2.996013289,889.5,0.3597488
20-02-20 16:41:02,3.582536229,3.075747508,889.5,0.353954697
20-02-20 16:42:44,3.597226059,3.143521595,889.5,0.348462149
20-02-20 16:45:07,3.605920041,3.277076412,889.5,0.342039298
20-02-20 16:48:04,3.560651379,3.512292359,889.5,0.336406649
20-02-20 16:49:43,3.558552832,3.676744186,889.5,0.332826012
20-02-20 16:51:51,3.625106758,3.974418605,889.5,0.327084137
20-02-20 16:54:11,3.620310079,4.3,889.5,0.320803961
20-02-20 16:57:08,3.672773759,4.770431894,889.441196,0.310548901
20-02-20 17:00:53,3.730333911,5.200664452,889.4,0.300469749
20-02-20 17:01:54,3.735730175,5.261461794,889.4,0.298721395
20-02-20 17:03:25,3.738428307,5.352159468,889.4,0.296113194
20-02-20 17:04:52,3.759713571,5.451655629,889.4129139,0.29252984
20-02-20 17:06:04,3.742325609,5.547019868,889.436755,0.28845427
20-02-20 17:09:24,3.574741625,5.817940199,889.5,0.277899108
20-02-20 17:11:10,3.706350514,6.02923588,889.5,0.280919152
20-02-20 17:12:43,3.745323533,6.21461794,889.5,0.283568812
20-02-20 17:14:26,3.742325609,6.423255814,889.4966777,0.28548775
20-02-20 17:16:16,3.744124364,6.679069767,889.4601329,0.277449803
20-02-20 17:18:13,3.763610873,6.951162791,889.4212625,0.268900349
20-02-20 17:20:22,3.744424156,7.186378738,889.4,0.262683917
20-02-20 17:21:36,3.729134741,7.284717608,889.4,0.260930906
20-02-20 17:23:20,3.736029967,7.422923588,889.4,0.258467214
20-02-20 17:25:28,3.740526854,7.593023256,889.3767442,0.255950909
20-02-20 17:26:59,3.745923118,7.713953488,889.3465116,0.254465889
20-02-20 17:28:39,3.77290444,7.846843854,889.313289,0.252833999
20-02-20 17:31:11,3.501592265,7.9,889.3,0.252181243
20-02-20 17:32:28,3.719841175,7.9,889.3,0.252181243
20-02-20 17:34:15,3.756715647,7.9,889.3,0.252181243
20-02-20 17:36:14,3.784896138,7.975747508,889.3,0.250891012
20-02-20 17:37:55,3.798986383,8.042857143,889.3,0.249747912
20-02-20 17:40:19,3.812776837,8.157807309,889.3192691,0.248184341
20-02-20 17:43:52,3.632301777,8.370099668,889.3900332,0.24601674
20-02-20 17:46:22,3.646691815,8.758803987,889.4,0.239202813
20-02-20 17:48:39,3.670675211,9.168438538,889.4,0.231772127
20-02-20 17:50:36,3.658983306,9.469767442,889.4,0.226833017
20-02-20 17:52:20,3.657784136,9.711627907,889.4,0.223196419
20-02-20 17:55:25,3.810078704,10,889.4,0.218509216
20-02-20 17:56:28,3.821470818,10,889.4,0.218146439
20-02-20 17:57:56,3.833162724,10,889.4,0.217639704
20-02-20 17:59:17,3.852949026,10,889.4,0.217173277
20-02-20 18:00:30,3.853548611,10.10631229,889.3787375,0.215963153
20-02-20 18:03:22,3.809778912,10.39202658,889.3215947,0.212850225
20-02-20 18:04:29,3.840357743,10.50531561,889.3006645,0.211579918
20-02-20 18:06:04,3.84005795,10.75780731,889.3322259,0.207119176
20-02-20 18:07:35,3.856846328,10.99966777,889.3624585,0.202846254
20-02-20 18:09:38,3.884427234,11.3,889.3966777,0.197540319
20-02-20 18:13:06,3.994451066,11.3,889.3275748,0.197540319
20-02-20 18:14:14,3.99864816,11.3,889.3049834,0.197540319
20-02-20 18:15:53,4.010040274,11.43953488,889.272093,0.195748639
20-02-20 18:17:24,4.051711426,11.59069767,889.2418605,0.193807653
20-02-20 18:19:08,4.020233217,11.76345515,889.207309,0.191589382
20-02-20 18:22:20,3.968668915,12.02591362,889.2,0.187477504
20-02-20 18:24:10,3.949182405,12.17209302,889.2,0.185120509
20-02-20 18:26:24,3.946484273,12.2,889.2,0.184118215
20-02-20 18:27:51,3.959375349,12.2,889.2,0.183692976
20-02-20 18:29:27,3.974664764,12.2,889.2,0.183223746
20-02-20 18:32:34,3.898217687,11.95813953,889.1395349,0.186155483
20-02-20 18:34:06,4.016335916,11.8358804,889.1089701,0.187649813
20-02-20 18:36:15,4.073596275,11.83388704,889.066113,0.188178074
20-02-20 18:38:50,4.088286105,11.88538206,889.0146179,0.188314395
20-02-20 18:40:40,4.091583822,12.14119601,889,0.185477589
20-02-20 18:42:42,4.096980087,12.58704319,889,0.180162264
20-02-20 18:46:13,4.157538163,13,888.9675497,0.175239053
20-02-20 18:47:30,4.158437541,13,888.942053,0.175239053
20-02-20 18:49:12,4.151242522,13,888.9082781,0.175239053
20-02-20 18:50:33,4.161435465,13.0372093,888.8813953,0.174816245
20-02-20 18:51:57,4.172827579,13.09302326,888.8534884,0.174182034
20-02-20 18:55:50,4.009140897,13.2,888.7760797,0.173298433
20-02-20 18:57:19,4.142248748,13.2,888.7465116,0.173708785
20-02-20 18:58:48,4.155739408,13.2,888.7169435,0.174119138
20-02-20 19:00:30,4.164133597,13.2,888.6830565,0.174354284
20-02-20 19:02:21,4.173726956,13.2,888.6461794,0.174354284
20-02-20 19:04:27,4.178823428,13.2,888.6043189,0.174354284
20-02-20 19:06:26,4.082590049,13.37607973,888.5647841,0.17286478
20-02-20 19:08:22,4.029526784,13.56877076,888.5262458,0.171234757
20-02-20 19:10:29,4.067600426,13.74784053,888.4840532,0.169601728
20-02-20 19:12:48,4.064002916,13.88637874,888.4378738,0.168087416
20-02-20 19:15:44,4.123062031,14.02059801,888.379402,0.16662357
20-02-20 19:18:34,4.222593127,14.07707641,888.3229236,0.166015156
20-02-20 19:20:31,4.227989391,14.14784053,888.3,0.165054085
20-02-20 19:23:37,4.260366976,14.33322259,888.3,0.162286843
20-02-20 19:26:17,4.267861788,14.4,888.238206,0.161290041
20-02-20 19:27:32,4.266362825,14.4,888.1883721,0.161290041
20-02-20 19:30:29,4.086487351,14.4,888.1,0.161290041
20-02-20 19:32:17,4.121862861,14.4,888.1,0.161290041
20-02-20 19:34:26,4.140449993,14.4,888.1,0.161290041
20-02-20 19:36:05,4.133854559,14.4,888.0738411,0.161290041
20-02-20 19:37:36,4.150343144,14.4,888.0437086,0.161290041
20-02-20 19:40:50,4.286149128,14.44119601,887.958804,0.160863933
20-02-20 19:42:52,4.314329619,14.52225914,887.8777409,0.160025464
20-02-20 19:45:32,4.331117996,14.62857143,887.7857143,0.158751347
20-02-20 19:47:29,4.337113846,14.70631229,887.7468439,0.157472481
20-02-20 19:49:01,4.339212393,14.76744186,887.7162791,0.156466877
20-02-20 19:51:21,4.144047503,14.83023256,887.7,0.156004651
20-02-20 19:53:09,4.352103468,14.86611296,887.7,0.156091724
20-02-20 19:54:21,4.364694752,14.89003322,887.7,0.156149773
20-02-20 19:55:51,4.347906374,14.88006645,887.6800664,0.156374982
20-02-20 19:57:33,4.344608657,14.8461794,887.6461794,0.15671672
20-02-20 19:59:38,4.382682299,14.80465116,887.6046512,0.157135516
20-02-20 20:02:31,4.382682299,15.22259136,887.5471761,0.153026456
20-02-20 20:04:01,4.37788562,15.46179402,887.5172757,0.150674023
20-02-20 20:05:44,4.385080639,15.54916944,887.466113,0.149600462
20-02-20 20:07:34,4.388378356,15.43953488,887.3930233,0.150216512
20-02-20 20:09:51,-5.788076631,15.30299003,887.3019934,0.150983773
20-02-20 20:13:21,-5.824051726,15.23122924,887.3,0.151669001
20-02-20 20:14:26,-5.840540311,15.20963455,887.3,0.151878894
20-02-20 20:15:48,-5.834244669,15.23521595,887.282392,0.15163148
20-02-20 20:17:15,-5.840840104,15.29302326,887.2534884,0.151071631
20-02-20 20:18:48,-5.849234292,15.35481728,887.2225914,0.150473171
20-02-20 20:22:01,4.360497657,15.56611296,887.1584718,0.148948437
20-02-20 20:23:09,4.385080639,15.65647841,887.1358804,0.148357027
20-02-20 20:24:48,4.370091016,15.78803987,887.10299,0.147496003
20-02-20 20:26:18,4.371290186,15.61162791,887.1,0.149237143
20-02-20 20:28:02,-9.101982462,15.36976744,887.1,0.151573181
20-02-20 20:30:29,4.30593543,15.1,887.0794702,0.154178763
20-02-20 20:31:59,-5.835144047,15.1,887.0198675,0.154178763
20-02-20 20:34:09,-5.841139896,15.1,886.9337748,0.154178763
20-02-20 20:36:43,-5.835743632,15.33953488,886.9,0.152269583
20-02-20 20:38:43,-5.866922047,15.61860465,886.9,0.150045295
20-02-20 20:40:55,-5.877414783,15.7820598,886.8641196,0.148557056
20-02-20 20:43:08,-5.851033047,15.73787375,886.7757475,0.148452498
20-02-20 20:44:35,-5.815657537,15.7089701,886.7179402,0.148384103
20-02-20 20:46:07,-5.824951103,15.72159468,886.7,0.14790538
20-02-20 20:47:59,-5.832745707,15.75880399,886.7,0.147117078
20-02-20 20:49:53,-5.851632632,15.79667774,886.7,0.146314699
20-02-20 20:52:40,-5.838441764,15.8,886.6478405,0.146244315
20-02-20 20:54:29,-5.805464593,15.8,886.6116279,0.146244315
20-02-20 20:56:46,-5.832146122,15.93554817,886.566113,0.145383543
20-02-20 20:59:15,-5.793173103,16.13355482,886.5166113,0.144126141
20-02-20 21:02:19,-5.84653616,15.97740864,886.4554817,0.145252427
20-02-20 21:06:33,-5.933475973,15.81561462,886.3710963,0.146442205
20-02-20 21:08:38,-5.973648162,15.98172757,886.3295681,0.145379366
20-02-20 21:11:02,-6.003027823,16.11827243,886.2634551,0.144454805
20-02-20 21:12:59,-6.015918899,16.15714286,886.1857143,0.144097807
20-02-20 21:14:53,-6.037803748,16.19501661,886.1099668,0.143749963
20-02-20 21:17:43,-5.859127443,16.25149502,886.1,0.143824085
20-02-20 21:19:39,-5.995533012,16.29003322,886.1,0.143913809
20-02-20 21:21:41,-6.004526786,16.23887043,886.0694352,0.144146569
20-02-20 21:25:03,-5.976046502,16.10465116,886.0023256,0.14460668
20-02-20 21:27:31,-6.002128446,16.33344371,885.9533113,0.143033296
20-02-20 21:29:12,-5.985639861,16.50066225,885.9198675,0.141894841
20-02-20 21:32:11,-6.033007069,16.6,885.9,0.140333658
20-02-20 21:33:37,-6.021315163,16.6,885.9,0.139694169
20-02-20 21:35:07,-6.04529856,16.6,885.9,0.139024937
20-02-20 21:37:12,-6.054891919,16.63953488,885.9,0.13907083
20-02-20 21:39:56,-6.073179258,16.69401993,885.9,0.139195564
20-02-20 21:41:38,-6.065084862,16.72790698,885.8162791,0.138656425
20-02-20 21:43:10,-6.05998839,16.75847176,885.7245847,0.138050945
20-02-20 21:44:53,-6.071080711,16.79269103,885.6219269,0.137373071
20-02-20 21:46:35,-6.097162655,16.90631229,885.6265781,0.136316626
20-02-20 21:48:14,-6.109753938,17.03787375,885.6594684,0.135188452
20-02-20 21:51:35,-5.923283029,17.17375415,885.6737542,0.134020846
20-02-20 21:53:25,-5.946367049,17.1372093,885.6372093,0.134330893
20-02-20 21:55:50,-5.963155426,17.06710963,885.6219269,0.134929621
20-02-20 21:57:51,-6.019816201,16.94651163,885.7023256,0.135967449
20-02-20 22:00:24,-5.947866011,16.8,885.7940199,0.137228282
20-02-20 22:03:47,-6.08307241,16.8,885.5916944,0.137228282
20-02-20 22:05:47,-6.074378428,16.82790698,885.5,0.137189837
20-02-20 22:08:28,-6.080973862,16.98837209,885.5,0.136968776
20-02-20 22:10:24,-6.108854561,17.1013245,885.5013245,0.136789255
20-02-20 22:11:56,-6.123544391,17.13178808,885.5317881,0.136197266
20-02-20 22:14:19,-6.011721805,17.17913907,885.5791391,0.135277109
20-02-20 22:15:48,-6.050095239,17.2,885.5913621,0.135249307
20-02-20 22:18:01,-6.090867013,17.2,885.5471761,0.13718078
20-02-20 22:20:16,-6.072579674,17.2,885.5023256,0.139141297
20-02-20 22:22:14,-6.141232146,17.31063123,885.4262458,0.138279918
20-02-20 22:25:02,-6.212882544,17.47807309,885.3146179,0.13682235
20-02-20 22:26:20,-6.235666771,17.40697674,885.3,0.137032315
20-02-20 22:27:58,-6.235067186,17.24418605,885.3,0.137733778
20-02-20 22:29:59,-6.234167808,17.04318937,885.3,0.138599871
20-02-20 22:33:41,-6.253354526,17.06511628,885.3,0.13965847
20-02-20 22:38:35,-6.211383582,16.97186441,885.2359322,0.1405482
20-02-20 22:40:40,-6.219178186,16.89368771,885.2,0.140700045
20-02-20 22:43:13,-6.217079638,16.84285714,885.2,0.140015468
20-02-20 22:45:03,-6.222775695,16.80631229,885.2,0.139523289
20-02-20 22:47:05,-6.229071337,16.93687708,885.0973422,0.138618233
20-02-20 22:49:15,-6.089068259,17.10963455,884.9677741,0.137583226
20-02-20 22:51:13,-6.186500808,17.15016611,884.9498339,0.137293629
20-02-20 22:52:21,-6.192196864,17.08239203,885.017608,0.137636064
20-02-20 22:54:00,-6.175108694,16.98372093,885.1162791,0.13813461
20-02-20 22:55:31,-6.178106619,16.91162791,885.1976744,0.138457373
20-02-20 22:57:13,-6.212582751,17.08106312,885.1637874,0.136996652
20-02-20 23:00:09,-6.237765318,17.37342193,885.1053156,0.134476193
20-02-20 23:01:31,-6.252754941,17.37807309,885.1219269,0.134433419
20-02-20 23:04:28,-6.300421942,17.3192691,885.1807309,0.134933199
20-02-20 23:08:03,-6.355583754,17.3,885.1478405,0.134536568
20-02-20 23:10:07,-6.377768396,17.3,885.1066445,0.134093959
20-02-20 23:13:19,-6.339694754,17.24285714,884.9285714,0.134507802
20-02-20 23:15:16,-6.339694754,17.20398671,884.8119601,0.134837872
20-02-20 23:18:23,-6.297124225,16.90930233,884.9162791,0.137393544
20-02-20 23:20:35,-6.306717583,16.70398671,885,0.139196265
20-02-20 23:22:16,-6.287830658,16.77109635,885,0.13897761
20-02-20 23:25:26,-6.313313017,16.89734219,885,0.138566278
20-02-20 23:27:00,-6.342992471,17.04950166,884.9700997,0.137590249
20-02-20 23:29:00,-6.355283961,17.24883721,884.9302326,0.136300423
20-02-20 23:30:42,-6.350787075,17.39271523,884.9,0.135384937
20-02-20 23:33:18,-6.374470679,17.28940397,884.9,0.136273173
20-02-20 23:36:18,-6.268344149,17.17009967,884.8700997,0.137302589
20-02-20 23:38:25,-6.285432319,17.08571429,884.7857143,0.138038487
20-02-20 23:40:47,-6.293526715,17,884.7086379,0.13883394
20-02-20 23:42:32,-6.259650167,17,884.7784053,0.139221364
20-02-20 23:44:14,-6.289029828,17,884.8461794,0.139597719
20-02-20 23:46:57,-6.221876318,17,884.9,0.139896589
20-02-20 23:48:58,-6.231469676,17,884.9,0.139896589
20-02-20 23:51:23,-6.249757016,17,884.8843854,0.140071241
20-02-20 23:53:23,-6.301621111,17,884.8445183,0.14051716
20-02-20 23:55:57,-6.250356601,16.99335548,884.7933555,0.140925553
20-02-20 23:58:55,-6.38076632,16.93421927,884.7342193,0.140128566
21-02-20 0:00:11,-6.372372132,16.9089701,884.7089701,0.13978828
21-02-20 0:01:42,-6.378367981,16.9,884.7,0.139667388
21-02-20 0:03:21,-6.383764245,16.9,884.7,0.139667388
21-02-20 0:05:25,-6.376869018,16.9,884.7,0.139667388
21-02-20 0:08:59,-6.405049509,16.9,884.7664452,0.139667388
21-02-20 0:10:03,-6.420338925,16.9,884.7877076,0.139667388
21-02-20 0:11:42,-6.42093851,16.9,884.8,0.14012946
21-02-20 0:13:39,-6.441024604,16.9,884.8,0.141001435
21-02-20 0:15:32,-6.439525642,16.9,884.8,0.141843599
21-02-20 0:19:22,-6.326204093,16.75364238,884.7268212,0.142401274
21-02-20 0:20:51,-6.343891848,16.70265781,884.7,0.142587241
21-02-20 0:23:04,-6.366676075,16.74684385,884.7,0.142689557
21-02-20 0:25:19,-6.343592056,16.79169435,884.7,0.142793412
21-02-20 0:27:18,-6.379267358,16.70631229,884.7,0.143309271
21-02-20 0:28:55,-6.401751792,16.60963455,884.7,0.143821748
21-02-20 0:30:21,-6.394856566,16.52392027,884.7,0.144276109
21-02-20 0:31:54,-6.402950962,16.5,884.6770764,0.144402908
21-02-20 0:33:46,-6.404449925,16.5,884.6398671,0.144402908
21-02-20 0:35:40,-6.413443698,16.5,884.6019934,0.144402908
21-02-20 0:38:46,-6.182303713,16.55980066,884.6598007,0.143856234
21-02-20 0:40:29,-6.127141901,16.59401993,884.6940199,0.143543415
21-02-20 0:42:06,-6.124443769,16.57375415,884.7524917,0.144336868
21-02-20 0:44:12,-6.124143976,16.53189369,884.8362126,0.145689568
21-02-20 0:47:11,-6.121745637,16.52757475,884.9,0.145829132
21-02-20 0:50:47,-6.300721734,16.59933555,884.9,0.143510219
21-02-20 0:52:48,-6.301321319,16.56046512,884.9,0.144306607
21-02-20 0:55:29,-6.314512187,16.50697674,884.9,0.145413122
21-02-20 0:57:25,-6.321707206,16.27906977,884.9315615,0.148422694
21-02-20 0:58:57,-6.307616961,16.06511628,884.9621262,0.151197456
21-02-20 1:04:53,-6.111552693,15.55880399,885,0.155044439
21-02-20 1:06:34,-6.106456221,15.44418605,885,0.155530464
21-02-20 1:08:17,-6.106456221,15.30730897,885,0.156478029
21-02-20 1:11:27,-6.134037127,15.07748344,885.0112583,0.158725333
21-02-20 1:12:31,-6.152324467,15.03509934,885.0324503,0.160254098
21-02-20 1:13:53,-6.157121147,14.9807947,885.0596026,0.162212829
21-02-20 1:15:24,-6.110953108,14.9205298,885.0897351,0.164386542
21-02-20 1:16:59,-6.164615958,14.92126246,885.1,0.165179886
21-02-20 1:21:14,-6.244360752,15,885.1059801,0.16491476
21-02-20 1:22:30,-6.273140828,15,885.1312292,0.162969042
21-02-20 1:25:00,-6.275239375,15,885.1810631,0.159128809
21-02-20 1:27:30,-6.265046432,14.96910299,885.138206,0.159169281
21-02-20 1:29:43,-6.278836885,14.92491694,885.0498339,0.161314101
21-02-20 1:32:42,-6.058489428,14.8654485,885.0345515,0.161551974
21-02-20 1:33:56,-6.081573447,14.84086379,885.0591362,0.160860635
21-02-20 1:35:30,-6.074078636,14.80963455,885.0903654,0.159982447
21-02-20 1:37:25,-6.065984239,14.82857143,885.0714286,0.158700787
21-02-20 1:40:47,-6.088168881,14.89568106,885.0043189,0.156326745
21-02-20 1:43:41,-6.13553609,14.63255814,885.0534884,0.158223767
21-02-20 1:44:57,-6.152324467,14.50631229,885.0787375,0.159191378
21-02-20 1:47:53,-6.175108694,14.4372093,885.1372093,0.159151749
21-02-20 1:51:27,-6.140032977,14.47508306,885.2083056,0.157966266
21-02-20 1:53:31,-6.137035052,14.35149502,885.2495017,0.159238084
21-02-20 1:56:33,-6.101659542,14.2,885.3,0.160925791
21-02-20 1:57:38,-6.07827573,14.2,885.3,0.161204648
21-02-20 1:59:04,-6.096862863,14.2,885.3,0.161573598
21-02-20 2:00:25,-6.104057882,14.2,885.3,0.161921096
21-02-20 2:01:38,-6.110953108,14.22259136,885.3,0.161853212
21-02-20 2:04:23,-6.054292334,14.33222591,885.3,0.160711805
21-02-20 2:06:36,-6.101059957,14.37940199,885.3,0.16008766
21-02-20 2:08:59,-6.105257051,14.28438538,885.3,0.160463394
21-02-20 2:10:52,-6.075577598,14.20930233,885.3,0.160760303
21-02-20 2:12:42,-6.098361825,14.26357616,885.3,0.160545682
21-02-20 2:15:03,-5.973648162,14.35695364,885.3,0.16017643
21-02-20 2:17:13,-6.003627408,14.46478405,885.3215947,0.159615774
21-02-20 2:19:08,-6.02581205,14.57940199,885.3598007,0.158925007
21-02-20 2:20:44,-6.010822427,14.67508306,885.3916944,0.158348367
21-02-20 2:23:20,-6.033906446,14.52591362,885.4,0.159436534
21-02-20 2:26:38,-6.180205166,14.3,885.4,0.161043531
21-02-20 2:31:29,-6.183203091,14.29401993,885.4,0.161028793
21-02-20 2:33:44,-6.188599355,14.24916944,885.4,0.160918262
21-02-20 2:35:23,-6.173010147,14.21627907,885.4,0.160837207
21-02-20 2:38:14,-5.943069332,14.2,885.4810631,0.159761417
21-02-20 2:39:48,-6.117848335,14.2,885.5435216,0.158963441
21-02-20 2:41:32,-6.134936505,14.21893688,885.6063123,0.158208285
21-02-20 2:43:35,-6.158020524,14.34152824,885.6471761,0.157990883
21-02-20 2:45:09,-6.15142509,14.43521595,885.6784053,0.157824738
21-02-20 2:47:01,-6.163116996,14.45315615,885.7156146,0.158596621
21-02-20 2:50:11,-6.15262426,14.26378738,885.7787375,0.162181434
21-02-20 2:51:38,-6.133437543,14.2,885.8,0.163190901
21-02-20 2:53:15,-6.148127373,14.2,885.8,0.16235565
21-02-20 2:54:47,-6.15382343,14.2,885.8,0.161563453
21-02-20 2:56:23,-6.13193858,14.19767442,885.7976744,0.16082137
21-02-20 2:59:32,-6.059688598,14.13488372,885.7348837,0.161476975
21-02-20 3:00:47,-6.092066183,14.10996678,885.7099668,0.161737136
21-02-20 3:02:27,-6.04409939,14.03046358,885.7231788,0.162885062
21-02-20 3:04:03,-6.05878922,13.93509934,885.7549669,0.164316645
21-02-20 3:05:37,-6.039302711,13.84172185,885.7860927,0.165718402
21-02-20 3:09:30,-6.042600428,13.9269103,885.8,0.164984472
21-02-20 3:11:41,-6.00872388,14,885.8,0.164293002
21-02-20 3:14:07,-6.033606654,14,885.8,0.164932051
21-02-20 3:15:36,-6.033306862,14,885.8,0.165321608
21-02-20 3:17:04,-6.036904371,13.97142857,885.8142857,0.165447277
21-02-20 3:19:57,-5.997931352,13.85647841,885.8717608,0.165160426
21-02-20 3:21:11,-6.011721805,13.80730897,885.8963455,0.165037727
21-02-20 3:24:07,-6.039002918,13.8,885.8451827,0.165019488
21-02-20 3:27:40,-6.005725955,13.85116279,885.8255814,0.164810129
21-02-20 3:29:44,-6.021315163,13.93355482,885.8667774,0.164472979
21-02-20 3:32:20,-5.93677369,13.90697674,885.9,0.164708096
21-02-20 3:33:29,-5.948165803,13.7923588,885.9,0.165332807
21-02-20 3:34:59,-5.950863936,13.64285714,885.9,0.166147648
21-02-20 3:37:04,-5.95865854,13.55182724,885.9259136,0.166540947
21-02-20 3:39:47,-5.949065181,13.76843854,886.0342193,0.164930477
21-02-20 3:42:46,-5.853731179,13.84684385,886.0734219,0.164169667
21-02-20 3:44:12,-5.869919972,13.789701,886.0448505,0.164403296
21-02-20 3:46:50,-5.888207312,13.56245847,886,0.165786343
21-02-20 3:49:18,-5.856129519,12.67740864,886,0.172326045
21-02-20 3:51:25,-5.860326613,11.9179402,886,0.177937816
21-02-20 3:54:56,-5.895402331,11.69337748,886,0.179519227
21-02-20 3:56:00,-5.890905444,11.62980132,886,0.179965027
21-02-20 3:57:46,-5.86362433,11.49900332,886.0504983,0.182151652
21-02-20 3:59:52,-5.844437613,11.33156146,886.1342193,0.185430398
21-02-20 4:01:52,-5.854330764,11.2,886.2,0.188652867
21-02-20 4:06:23,-5.853431387,11.2,886.2,0.196993358
21-02-20 4:07:55,-5.870819349,11.39302326,886.2275748,0.193173866
21-02-20 4:09:51,-5.868121217,11.6627907,886.266113,0.187448661
21-02-20 4:13:08,-5.912490501,11.9,886.3315615,0.181043383
21-02-20 4:17:22,-5.938272652,11.78837209,886.4,0.179654884
21-02-20 4:18:40,-5.949364973,11.60697674,886.4,0.182229708
21-02-20 4:20:33,-5.947266426,11.34418605,886.4,0.185959901
21-02-20 4:22:50,-5.949364973,11.27475083,886.4,0.189348432
21-02-20 4:25:36,-5.9562602,11.44019934,886.4,0.192318451
21-02-20 4:29:28,-5.9403712,11.5,886.4571429,0.190769431
21-02-20 4:30:27,-5.937373275,11.5,886.4767442,0.189869845
21-02-20 4:31:56,-5.955960407,11.51262458,886.5,0.189126041
21-02-20 4:33:24,-5.937073483,11.57109635,886.5,0.190624363
21-02-20 4:34:35,-5.946666841,11.61827243,886.5,0.191833236
21-02-20 4:36:48,-5.913689671,11.69003322,886.5033223,0.193900796
21-02-20 4:38:10,-5.941570369,11.60830565,886.5305648,0.193681971
21-02-20 4:40:10,-5.932276803,11.48870432,886.5704319,0.19336174
21-02-20 4:41:47,-5.930178256,11.39470199,886.6,0.193151097
21-02-20 4:43:28,-5.928979086,11.32781457,886.6,0.193490231
21-02-20 4:46:45,-7.305626053,11.20797342,886.6013289,0.194018161
21-02-20 4:48:10,4.382382507,11.37740864,886.6295681,0.191465671
21-02-20 4:50:18,-5.803665839,11.63255814,886.672093,0.187621922
21-02-20 4:52:33,-5.854330764,11.8,886.7169435,0.185099462
21-02-20 4:54:01,-5.855829726,11.8,886.7461794,0.185099462
21-02-20 4:55:49,4.327520487,11.8,886.7820598,0.185099462
21-02-20 4:57:33,4.37668645,11.76677741,886.8,0.185508027
21-02-20 4:59:56,4.382382507,11.6717608,886.8,0.186676526
21-02-20 5:02:33,4.385680224,11.53488372,886.8162791,0.188127412
21-02-20 5:05:19,4.332017374,11.31428571,886.8714286,0.190052957
21-02-20 5:09:28,4.364095167,11.09169435,886.9,0.188300333
21-02-20 5:10:54,4.353002846,11.0345515,886.9,0.18684931
21-02-20 5:12:44,4.358698903,11,886.9,0.185971947
21-02-20 5:15:03,4.387778771,11,886.9,0.185971947
21-02-20 5:17:15,4.381183337,11,886.9093023,0.185971947
21-02-20 5:20:25,4.263364901,11,886.9724252,0.185971947
21-02-20 5:22:26,4.281952033,11.01262458,887.0126246,0.187765127
21-02-20 5:25:24,4.290945807,11.0717608,887.0717608,0.196164762
21-02-20 5:27:35,4.286149128,11.1,887.1,0.199690544
21-02-20 5:29:15,4.299339996,11.1,887.1,0.198635588
21-02-20 5:32:13,4.366793299,11.1076412,887.1,0.196663314
21-02-20 5:33:18,4.367992469,11.12923588,887.1,0.195710662
21-02-20 5:34:40,4.373688525,11.15647841,887.1,0.194508856
21-02-20 5:36:10,4.370390808,11.18637874,887.1,0.193189801
21-02-20 5:37:43,4.364394959,11.14834437,887.1,0.193255549
21-02-20 5:41:05,4.281352448,10.94768212,887.1,0.195845234
21-02-20 5:42:36,4.283151203,10.94285714,887.1,0.19749047
21-02-20 5:44:13,4.284350373,11.03953488,887.1,0.199813655
21-02-20 5:45:52,4.283750788,11.13820598,887.1,0.20218474
21-02-20 5:47:38,4.285549543,11.25847176,887.1,0.203829302
21-02-20 5:50:14,-5.828548613,11.46578073,887.1,0.204395299
21-02-20 5:51:54,-5.830047575,11.5986711,887.1,0.204758118
21-02-20 5:54:49,-5.842339066,11.48438538,887.0421927,0.202581573
21-02-20 5:58:33,-5.835443839,11.27109635,887,0.201157242
21-02-20 6:01:47,-5.840240519,11.01328904,887,0.201491133
21-02-20 6:04:41,-5.820154424,10.50963455,887,0.204619668
21-02-20 6:06:35,-5.826450066,10.16877076,887,0.206782419
21-02-20 6:08:38,-5.81475816,10.16644518,887.0332226,0.206851591
21-02-20 6:10:04,-5.808762311,10.22358804,887.061794,0.206535823
21-02-20 6:11:48,-5.799168952,10.29269103,887.0963455,0.206153965
21-02-20 6:15:17,4.273258052,10.69468439,887.1,0.206114332
21-02-20 6:17:01,-5.878613953,10.89900332,887.1,0.206117464
21-02-20 6:19:11,4.393175035,10.76943522,887.1,0.206473366
21-02-20 6:21:37,-5.793472895,10.62392027,887.1,0.206873071
21-02-20 6:23:06,-5.793772688,10.53521595,887.0784053,0.207478658
21-02-20 6:24:34,-5.792573518,10.44750831,887.0491694,0.208209575
21-02-20 6:26:31,4.2912456,10.33089701,887.010299,0.209181363
21-02-20 6:28:00,4.289746637,10.22317881,887.0192053,0.210529037
21-02-20 6:30:02,4.271459297,10.0615894,887.0596026,0.212822198
21-02-20 6:32:39,4.296941656,9.841860465,887.0883721,0.216807899
21-02-20 6:35:06,4.281052656,9.597674419,887.0395349,0.22391657
21-02-20 6:37:22,4.331117996,9.29269103,887.0056478,0.231104484
21-02-20 6:39:07,4.332317166,8.629900332,887.0405316,0.239957071
21-02-20 6:41:11,4.317927128,7.84717608,887.0817276,0.250411555
21-02-20 6:42:45,4.319126298,7.383388704,887.0740864,0.255771919
21-02-20 6:44:37,4.319725883,7.048504983,886.9996678,0.257849075
21-02-20 6:46:50,4.281652241,6.650830565,886.9112957,0.260315697
21-02-20 6:48:16,4.234884617,6.416611296,886.9,0.266600856
21-02-20 6:50:24,4.245377353,6.07641196,886.9,0.27767541
21-02-20 6:52:38,4.276855562,5.700332226,886.9,0.287528782
21-02-20 6:54:06,4.26816158,5.407973422,886.9,0.290037654
21-02-20 6:56:31,4.277155354,4.926245847,886.9,0.294171591
21-02-20 6:57:38,4.271159505,4.848172757,886.9096346,0.295632367
21-02-20 6:59:07,4.287947882,4.996013289,886.9392027,0.296790593
21-02-20 7:00:41,4.292444769,5.152159468,886.9704319,0.298013887
21-02-20 7:02:10,4.284650165,5.3,887,0.299172113
21-02-20 7:04:14,4.201307862,5.456962025,887,0.289734744
21-02-20 7:05:24,4.176724881,5.54556962,887,0.284407197
21-02-20 7:07:15,4.187217617,5.686075949,887,0.27595923
21-02-20 7:09:28,4.212999768,5.497342193,887,0.279061609
21-02-20 7:12:11,4.165932352,5.226578073,887,0.284325126
21-02-20 7:15:56,4.074495652,5.129391892,886.9293919,0.292846022
21-02-20 7:17:37,4.14254854,5.162542955,886.904811,0.294950899
21-02-20 7:20:01,4.14734522,5.805841924,886.9542955,0.282330043
21-02-20 7:22:38,4.145246672,6.320529801,887,0.270433815
21-02-20 7:25:24,4.075095237,5.770860927,887,0.26877752
21-02-20 7:29:06,4.194712428,5.365517241,887,0.274481835
21-02-20 7:30:24,4.180622183,5.341065831,887,0.279319122
21-02-20 7:32:04,4.193213466,5.309717868,887,0.285520772
21-02-20 7:33:33,4.199209315,5.376821192,886.9807947,0.28593168
21-02-20 7:35:27,4.195911598,5.52781457,886.9430464,0.282960595
21-02-20 7:38:42,4.208203089,5.656810631,886.9215947,0.281404243
21-02-20 7:39:45,4.194112843,5.614950166,886.9425249,0.283179608
21-02-20 7:41:01,4.196511183,5.564451827,886.9677741,0.285321318
21-02-20 7:42:25,4.209102466,5.508637874,886.9956811,0.287688472
21-02-20 7:44:19,4.207903296,5.231561462,886.9664452,0.287233491
21-02-20 7:47:13,4.20100807,4.76910299,886.9086379,0.285818533
21-02-20 7:48:16,4.174926126,4.638538206,886.9122924,0.287746433
21-02-20 7:49:55,4.171928201,4.474086379,886.9451827,0.293470587
21-02-20 7:51:49,4.169529862,4.284717608,886.9830565,0.300062038
21-02-20 7:53:42,4.137152276,4.097009967,887.020598,0.306819477
21-02-20 7:57:37,4.105374276,3.706644518,887.0986711,0.321255423
21-02-20 7:59:01,4.060405407,3.460797342,887.0734219,0.319393922
21-02-20 8:00:39,4.081990464,3.167774086,887.0408638,0.316812578
21-02-20 8:02:12,4.088585898,2.889700997,887.0099668,0.314362935
21-02-20 8:03:49,4.069399181,3.022591362,887.0222591,0.315407038
21-02-20 8:07:12,3.941687593,3.697009967,887.089701,0.320964723
21-02-20 8:09:14,3.939289254,3.830232558,887.1302326,0.322689908
21-02-20 8:12:12,3.962673066,3.889368771,887.1893688,0.324404331
21-02-20 8:14:24,3.938389876,3.434883721,887.2,0.325868994
21-02-20 8:16:21,3.944385726,2.890697674,887.2,0.327222043
21-02-20 8:18:34,3.750719798,2.451162791,887.2,0.333915833
21-02-20 8:20:31,3.71324574,2.334551495,887.2,0.34757945
21-02-20 8:22:02,3.712646156,2.243853821,887.2,0.358206708
21-02-20 8:24:02,3.721639929,2.048504983,887.1747508,0.365845384
21-02-20 8:25:57,3.704551759,1.819269103,887.1365449,0.369628614
21-02-20 8:29:11,3.84125712,1.544370861,887.1278146,0.373906621
21-02-20 8:30:51,3.853848403,1.478145695,887.1609272,0.37469146
21-02-20 8:33:45,3.839758158,1.455813953,887.2,0.37749401
21-02-20 8:37:29,3.848152347,1.679069767,887.2,0.38499977
21-02-20 8:40:43,3.826267497,1.642524917,887.2,0.392700993
21-02-20 8:43:14,3.816374346,1.52358804,887.2076412,0.399122144
21-02-20 8:44:52,3.839458365,1.198006645,887.2401993,0.404421675
21-02-20 8:46:30,3.823569365,0.872425249,887.2727575,0.409721206
21-02-20 8:48:03,3.821171025,0.596345515,887.3036545,0.414023533
21-02-20 8:49:38,3.806181402,0.564784053,887.3352159,0.41288375
21-02-20 8:52:42,3.827766459,0.503654485,887.3963455,0.410676171
21-02-20 8:53:52,3.810978082,0.558803987,887.3803987,0.408818421
21-02-20 8:55:36,3.819372271,0.662458472,887.3458472,0.405776377
21-02-20 8:57:38,3.805581818,0.784053156,887.3053156,0.402207825
21-02-20 8:59:17,3.815474969,1.048172757,887.2724252,0.393970281
21-02-20 9:02:19,3.794189704,1.592358804,887.2119601,0.376933466
21-02-20 9:03:29,3.855647158,1.677408638,887.1887043,0.373492099
21-02-20 9:04:57,3.830164799,1.618936877,887.1594684,0.373307176
21-02-20 9:06:18,3.844554837,1.565116279,887.1325581,0.373136963
21-02-20 9:07:31,3.856846328,1.516611296,887.1083056,0.37298356
21-02-20 9:11:01,3.785795515,2.11461794,887.1,0.36231705
21-02-20 9:12:19,3.782497798,2.373754153,887.1,0.357841969
21-02-20 9:13:58,3.832563139,2.540531561,887.0797342,0.352956373
21-02-20 9:15:28,3.835261271,2.600332226,887.0498339,0.348964758
21-02-20 9:17:22,3.850550686,2.676079734,887.0119601,0.343908711
21-02-20 9:19:54,3.792690742,2.854152824,887,0.347092265
21-02-20 9:21:05,3.787294478,2.948504983,887,0.350018078
21-02-20 9:22:57,3.792990534,3.097342193,887,0.354633443
21-02-20 9:25:10,3.800185553,2.664784053,887.0435216,0.354578044
21-02-20 9:27:54,3.774703194,2.119933555,887.0980066,0.35440551
21-02-20 9:33:11,3.598725022,1.482059801,887,0.367941892
21-02-20 9:36:47,3.585534153,1.051495017,887,0.390806917
21-02-20 9:38:46,3.584934568,0.785714286,887,0.401766061
